seq,HOTA(0),LocA(0),HOTALocA(0),HOTA___5,HOTA___10,HOTA___15,HOTA___20,HOTA___25,HOTA___30,HOTA___35,HOTA___40,HOTA___45,HOTA___50,HOTA___55,HOTA___60,HOTA___65,HOTA___70,HOTA___75,HOTA___80,HOTA___85,HOTA___90,HOTA___95,HOTA___AUC,DetA___5,DetA___10,DetA___15,DetA___20,DetA___25,DetA___30,DetA___35,DetA___40,DetA___45,DetA___50,DetA___55,DetA___60,DetA___65,DetA___70,DetA___75,DetA___80,DetA___85,DetA___90,DetA___95,DetA___AUC,AssA___5,AssA___10,AssA___15,AssA___20,AssA___25,AssA___30,AssA___35,AssA___40,AssA___45,AssA___50,AssA___55,AssA___60,AssA___65,AssA___70,AssA___75,AssA___80,AssA___85,AssA___90,AssA___95,AssA___AUC,DetRe___5,DetRe___10,DetRe___15,DetRe___20,DetRe___25,DetRe___30,DetRe___35,DetRe___40,DetRe___45,DetRe___50,DetRe___55,DetRe___60,DetRe___65,DetRe___70,DetRe___75,DetRe___80,DetRe___85,DetRe___90,DetRe___95,DetRe___AUC,DetPr___5,DetPr___10,DetPr___15,DetPr___20,DetPr___25,DetPr___30,DetPr___35,DetPr___40,DetPr___45,DetPr___50,DetPr___55,DetPr___60,DetPr___65,DetPr___70,DetPr___75,DetPr___80,DetPr___85,DetPr___90,DetPr___95,DetPr___AUC,AssRe___5,AssRe___10,AssRe___15,AssRe___20,AssRe___25,AssRe___30,AssRe___35,AssRe___40,AssRe___45,AssRe___50,AssRe___55,AssRe___60,AssRe___65,AssRe___70,AssRe___75,AssRe___80,AssRe___85,AssRe___90,AssRe___95,AssRe___AUC,AssPr___5,AssPr___10,AssPr___15,AssPr___20,AssPr___25,AssPr___30,AssPr___35,AssPr___40,AssPr___45,AssPr___50,AssPr___55,AssPr___60,AssPr___65,AssPr___70,AssPr___75,AssPr___80,AssPr___85,AssPr___90,AssPr___95,AssPr___AUC,LocA___5,LocA___10,LocA___15,LocA___20,LocA___25,LocA___30,LocA___35,LocA___40,LocA___45,LocA___50,LocA___55,LocA___60,LocA___65,LocA___70,LocA___75,LocA___80,LocA___85,LocA___90,LocA___95,LocA___AUC,OWTA___5,OWTA___10,OWTA___15,OWTA___20,OWTA___25,OWTA___30,OWTA___35,OWTA___40,OWTA___45,OWTA___50,OWTA___55,OWTA___60,OWTA___65,OWTA___70,OWTA___75,OWTA___80,OWTA___85,OWTA___90,OWTA___95,OWTA___AUC,HOTA_TP___5,HOTA_TP___10,HOTA_TP___15,HOTA_TP___20,HOTA_TP___25,HOTA_TP___30,HOTA_TP___35,HOTA_TP___40,HOTA_TP___45,HOTA_TP___50,HOTA_TP___55,HOTA_TP___60,HOTA_TP___65,HOTA_TP___70,HOTA_TP___75,HOTA_TP___80,HOTA_TP___85,HOTA_TP___90,HOTA_TP___95,HOTA_TP___AUC,HOTA_FN___5,HOTA_FN___10,HOTA_FN___15,HOTA_FN___20,HOTA_FN___25,HOTA_FN___30,HOTA_FN___35,HOTA_FN___40,HOTA_FN___45,HOTA_FN___50,HOTA_FN___55,HOTA_FN___60,HOTA_FN___65,HOTA_FN___70,HOTA_FN___75,HOTA_FN___80,HOTA_FN___85,HOTA_FN___90,HOTA_FN___95,HOTA_FN___AUC,HOTA_FP___5,HOTA_FP___10,HOTA_FP___15,HOTA_FP___20,HOTA_FP___25,HOTA_FP___30,HOTA_FP___35,HOTA_FP___40,HOTA_FP___45,HOTA_FP___50,HOTA_FP___55,HOTA_FP___60,HOTA_FP___65,HOTA_FP___70,HOTA_FP___75,HOTA_FP___80,HOTA_FP___85,HOTA_FP___90,HOTA_FP___95,HOTA_FP___AUC,MOTA,MOTP,MODA,CLR_Re,CLR_Pr,MTR,PTR,MLR,sMOTA,CLR_F1,FP_per_frame,MOTAL,MOTP_sum,CLR_TP,CLR_FN,CLR_FP,IDSW,MT,PT,ML,Frag,CLR_Frames,IDF1,IDR,IDP,IDTP,IDFN,IDFP,Dets,GT_Dets,IDs,GT_IDs
0000,0.720240196139036,0.8292121494196449,0.5972319211388767,0.720240196139036,0.720240196139036,0.720240196139036,0.720240196139036,0.720240196139036,0.720240196139036,0.720240196139036,0.720240196139036,0.7186569294949511,0.7154218400611814,0.7068567625003254,0.7014174112479539,0.6841428918270964,0.6547009440701025,0.5799242085482368,0.5146131841901194,0.31361135599793155,0.16538842493066147,0.023476399842135398,0.6073753643064727,0.7340823970037453,0.7340823970037453,0.7340823970037453,0.7340823970037453,0.7340823970037453,0.7340823970037453,0.7340823970037453,0.7340823970037453,0.7276119402985075,0.7148148148148148,0.7084870848708487,0.6897810218978102,0.6654676258992805,0.624561403508772,0.5484949832775919,0.4651898734177215,0.25474254742547425,0.11835748792270531,0.015350877192982455,0.6002904650819195,0.7066590102851226,0.7066590102851226,0.7066590102851226,0.7066590102851226,0.7066590102851226,0.7066590102851226,0.7066590102851226,0.7066590102851226,0.7098121315865525,0.7160293807972132,0.7052301917169356,0.7132501028343284,0.703342248700739,0.6862949323448919,0.6131543549416424,0.5692873909671077,0.3860842391851898,0.23110773624148265,0.035902922199114805,0.6169877744103253,0.9116279069767442,0.9116279069767442,0.9116279069767442,0.9116279069767442,0.9116279069767442,0.9116279069767442,0.9116279069767442,0.9116279069767442,0.9069767441860465,0.8976744186046511,0.8930232558139535,0.8790697674418605,0.8604651162790697,0.827906976744186,0.7627906976744186,0.6837209302325581,0.4372093023255814,0.22790697674418606,0.03255813953488372,0.7738066095471235,0.7903225806451613,0.7903225806451613,0.7903225806451613,0.7903225806451613,0.7903225806451613,0.7903225806451613,0.7903225806451613,0.7903225806451613,0.7862903225806451,0.7782258064516129,0.7741935483870968,0.7620967741935484,0.7459677419354839,0.717741935483871,0.6612903225806451,0.592741935483871,0.3790322580645161,0.1975806451612903,0.028225806451612902,0.6708404074702885,0.7462967192371455,0.7462967192371455,0.7462967192371455,0.7462967192371455,0.7462967192371455,0.7462967192371455,0.7462967192371455,0.7462967192371455,0.7496110613870796,0.7559110033012806,0.7497207249619934,0.7581693028588453,0.7541846322728676,0.7481001461606381,0.6911729971586701,0.6590553141359059,0.49178445581945823,0.3378387895758971,0.06958244921995495,0.6702897174078818,0.9095069422556666,0.9095069422556666,0.9095069422556666,0.9095069422556666,0.9095069422556666,0.9095069422556666,0.9095069422556666,0.9095069422556666,0.9110941573441574,0.9169086045705216,0.9115568554045117,0.9133024038778006,0.9089396587707398,0.8961736867284621,0.8490757362327483,0.7940855286773655,0.6297619710252689,0.42522961961737477,0.0717790494576209,0.8159980426185213,0.8292121494196449,0.8292121494196449,0.8292121494196449,0.8292121494196449,0.8292121494196449,0.8292121494196449,0.8292121494196449,0.8292121494196449,0.8312878283987546,0.8349716015417757,0.8364832303266104,0.8406571422158559,0.845502132621405,0.8520570058940055,0.862931511795674,0.8732450168678423,0.903559417794486,0.928182832990801,0.9586611565323654,0.852696635386144,0.8026269834066656,0.8026269834066656,0.8026269834066656,0.8026269834066656,0.8026269834066656,0.8026269834066656,0.8026269834066656,0.8026269834066656,0.8023609512495788,0.8017239288626645,0.7935911805869295,0.7918311701533706,0.7779469582254717,0.7537827025028601,0.6838921246717522,0.6238859707684545,0.4108523102686168,0.22950177661401464,0.03418965268423846,0.690767083886383,196.0,196.0,196.0,196.0,196.0,196.0,196.0,196.0,195.0,193.0,192.0,189.0,185.0,178.0,164.0,147.0,94.0,49.0,7.0,166.3684210526316,19.0,19.0,19.0,19.0,19.0,19.0,19.0,19.0,20.0,22.0,23.0,26.0,30.0,37.0,51.0,68.0,121.0,166.0,208.0,48.63157894736842,52.0,52.0,52.0,52.0,52.0,52.0,52.0,52.0,53.0,55.0,56.0,59.0,63.0,70.0,84.0,101.0,154.0,199.0,241.0,81.63157894736842,0.6139534883720931,0.8334145392524137,0.6511627906976745,0.9023255813953488,0.782258064516129,0.6666666666666666,0.2222222222222222,0.1111111111111111,0.4636391656510152,0.838012958963283,0.35064935064935066,0.6469623721535258,161.68242061496827,194,21,54,8,6,2,1,3.0,154,0.712742980561555,0.7674418604651163,0.6653225806451613,165,50,83,248,215,22,9
0001,0.7495002444087814,0.8178112378189397,0.6129497226255434,0.7495002444087814,0.7495002444087814,0.7495002444087814,0.7490852923073205,0.7486694414988462,0.7473419956913628,0.7455959633485054,0.7437147891799372,0.7414174718533119,0.7391170795342592,0.735441738442504,0.7197707892889715,0.6969482926244263,0.6503848983870903,0.5520906590820579,0.41641134782650646,0.2703531387282008,0.11922135642519326,0.027340266717165468,0.6132318554822106,0.7658578118348234,0.7658578118348234,0.7658578118348234,0.7643555933645257,0.762855928601785,0.7598642341960119,0.756882676831851,0.7539112050739958,0.7494727962884858,0.7450567942785024,0.7392033542976939,0.7211618257261411,0.6923704610363117,0.6421219319081551,0.5362962962962963,0.3928811282740094,0.2434052757793765,0.08387771100078391,0.011460619361131432,0.613302698306291,0.7334920499446166,0.7334920499446166,0.7334920499446166,0.734120061424785,0.7347467740881666,0.7350261183366541,0.7344775585147756,0.7336562766575023,0.7334487259465078,0.7332247171684038,0.7316992644834646,0.7183824359976654,0.7015563920290183,0.658754194539004,0.5683501787177382,0.44135082629307026,0.30028445105043494,0.16945779347424167,0.06522249458007923,0.6154860217439664,0.7918133802816901,0.7918133802816901,0.7918133802816901,0.7909330985915493,0.7900528169014085,0.7882922535211268,0.7865316901408451,0.7847711267605634,0.7821302816901409,0.7794894366197183,0.7759683098591549,0.7649647887323944,0.746919014084507,0.7139084507042254,0.6373239436619719,0.5149647887323944,0.3573943661971831,0.14128521126760563,0.02068661971830986,0.6605819125277984,0.9589552238805971,0.9589552238805971,0.9589552238805971,0.9578891257995735,0.9568230277185501,0.9546908315565032,0.9525586353944563,0.9504264392324094,0.947228144989339,0.9440298507462687,0.9397654584221748,0.9264392324093816,0.9045842217484008,0.8646055437100213,0.7718550106609808,0.6236673773987207,0.43283582089552236,0.1711087420042644,0.025053304904051173,0.8000224441701269,0.7659207352559063,0.7659207352559063,0.7659207352559063,0.7665362249714872,0.7670056379294075,0.7672740605556972,0.7667749804556808,0.7662810688241162,0.7654976288543085,0.7651351852550107,0.764117690774802,0.7551905680159803,0.7427978159109546,0.713595246319885,0.6483339242795176,0.5462638852992671,0.4107353929247639,0.25018173236844815,0.11301120783304071,0.6634997082284255,0.9276091405502387,0.9276091405502387,0.9276091405502387,0.9280665055740379,0.9288234158913368,0.9287479683734687,0.928733559382284,0.9282425094928016,0.9282892708644175,0.9284395568134435,0.9272697787436064,0.9175301903710738,0.9044782108146813,0.8743149269975522,0.7990853872662699,0.6716451694529485,0.5082696446420694,0.3221293422844948,0.12583791724843693,0.8069858303086125,0.8178112378189397,0.8178112378189397,0.8178112378189397,0.8185213220226408,0.8191669440967466,0.8203682864282736,0.8214729171186184,0.8224922941168531,0.8238378526356449,0.8250272864326548,0.8263546179382303,0.8299605632531041,0.8349122027202464,0.8421244201957189,0.8560046632741509,0.8749586957080697,0.8959392562771266,0.9277162400831056,0.9595119207729085,0.8448317471858374,0.7620950199787381,0.7620950199787381,0.7620950199787381,0.7619972801269855,0.7618981287400428,0.7611934019817089,0.7600591262981768,0.7587834097339423,0.7573984807416879,0.7560032550864125,0.7535087534902437,0.7413078094705443,0.7238824550014997,0.6857770675797276,0.6018497962792506,0.47673906386919734,0.32759726961932883,0.15473163914322927,0.03673190632757337,0.637144415969777,1799.0,1799.0,1799.0,1797.0,1795.0,1791.0,1787.0,1783.0,1777.0,1771.0,1763.0,1738.0,1697.0,1622.0,1448.0,1170.0,812.0,321.0,47.0,1500.842105263158,473.0,473.0,473.0,475.0,477.0,481.0,485.0,489.0,495.0,501.0,509.0,534.0,575.0,650.0,824.0,1102.0,1460.0,1951.0,2225.0,771.1578947368421,77.0,77.0,77.0,79.0,81.0,85.0,89.0,93.0,99.0,105.0,113.0,138.0,179.0,254.0,428.0,706.0,1064.0,1555.0,1829.0,375.1578947368421,0.733274647887324,0.8249994494034487,0.7473591549295775,0.7865316901408451,0.9525586353944563,0.5465116279069767,0.3488372093023256,0.10465116279069768,0.59563116905104,0.8616200578592093,0.19910514541387025,0.746696676946162,1474.2740160839628,1787,485,89,32,47,30,9,31.0,447,0.7984570877531341,0.7288732394366197,0.8827292110874201,1656,616,220,1876,2272,104,86
0002,0.4214745472556297,0.8231132988898185,0.3469213049896741,0.4214745472556297,0.4214745472556297,0.4214745472556297,0.4214745472556297,0.4214745472556297,0.4214745472556297,0.4214745472556297,0.4214745472556297,0.4214745472556297,0.4214745472556297,0.4167981776061718,0.41353320549227335,0.40679060161084385,0.39980017086767117,0.3419313526070856,0.2438946836489493,0.143001184232741,0.0387397793177066,0.01688352052107959,0.34926937623478,0.35253227408143,0.35253227408143,0.35253227408143,0.35253227408143,0.35253227408143,0.35253227408143,0.35253227408143,0.35253227408143,0.35253227408143,0.35253227408143,0.3485148514851485,0.3445212240868707,0.3379174852652259,0.330078125,0.28855250709555347,0.21282279608192342,0.11365494685200327,0.02637528259231349,0.002207505518763797,0.2910509191995844,0.5038993789921927,0.5038993789921927,0.5038993789921927,0.5038993789921927,0.5038993789921927,0.5038993789921927,0.5038993789921927,0.5038993789921927,0.5038993789921927,0.5038993789921927,0.4984600229101824,0.4963691641870947,0.48970118675282764,0.48424952918591335,0.40518466144185794,0.2795030316645366,0.1799247569803944,0.05690064158865071,0.12912912912912913,0.4241271533559218,0.355,0.355,0.355,0.355,0.355,0.355,0.355,0.355,0.355,0.355,0.352,0.349,0.344,0.338,0.305,0.239,0.139,0.035,0.003,0.2975789473684211,0.9806629834254144,0.9806629834254144,0.9806629834254144,0.9806629834254144,0.9806629834254144,0.9806629834254144,0.9806629834254144,0.9806629834254144,0.9806629834254144,0.9806629834254144,0.9723756906077348,0.9640883977900553,0.9502762430939227,0.9337016574585635,0.8425414364640884,0.6602209944751382,0.3839779005524862,0.09668508287292818,0.008287292817679558,0.8220412910729863,0.5061404173339652,0.5061404173339652,0.5061404173339652,0.5061404173339652,0.5061404173339652,0.5061404173339652,0.5061404173339652,0.5061404173339652,0.5061404173339652,0.5061404173339652,0.5031102008019694,0.502673652889795,0.49855856223330786,0.49622018141569413,0.44097492098580493,0.33111380215774344,0.21536026332196997,0.07956943738959532,0.18965517241379312,0.4378231772078592,0.9890719551832572,0.9890719551832572,0.9890719551832572,0.9890719551832572,0.9890719551832572,0.9890719551832572,0.9890719551832572,0.9890719551832572,0.9890719551832572,0.9890719551832572,0.9820373946302073,0.9821091985050259,0.9691042661258744,0.9581047674761832,0.8788868886257301,0.7254185626825692,0.5756267437859776,0.16643532232382408,0.24074074074074073,0.8615359703541423,0.8231132988898185,0.8231132988898185,0.8231132988898185,0.8231132988898185,0.8231132988898185,0.8231132988898185,0.8231132988898185,0.8231132988898185,0.8231132988898185,0.8231132988898185,0.8257605123827546,0.8278842666228567,0.8308707043082183,0.8334612876901148,0.8444797286612868,0.8627054556622052,0.8873314736354447,0.922612730037664,0.9598208953366995,0.843476844380812,0.42294713563544606,0.42294713563544606,0.42294713563544606,0.42294713563544606,0.42294713563544606,0.42294713563544606,0.42294713563544606,0.42294713563544606,0.42294713563544606,0.42294713563544606,0.41887698440518806,0.41621249176507913,0.410435388633793,0.40456932763722797,0.35154135139378223,0.2584593286531253,0.15814405211791818,0.04462647706914333,0.019682159113963777,0.353264153533878,355.0,355.0,355.0,355.0,355.0,355.0,355.0,355.0,355.0,355.0,352.0,349.0,344.0,338.0,305.0,239.0,139.0,35.0,3.0,297.57894736842104,645.0,645.0,645.0,645.0,645.0,645.0,645.0,645.0,645.0,645.0,648.0,651.0,656.0,662.0,695.0,761.0,861.0,965.0,997.0,702.421052631579,7.0,7.0,7.0,7.0,7.0,7.0,7.0,7.0,7.0,7.0,10.0,13.0,18.0,24.0,57.0,123.0,223.0,327.0,359.0,64.42105263157895,0.336,0.8231132988898185,0.348,0.355,0.9806629834254144,0.13333333333333333,0.6,0.26666666666666666,0.2732052211058856,0.5212922173274597,0.030042918454935622,0.3469208187539524,292.2052211058856,355,645,7,12,2,9,4,14.0,233,0.4390602055800294,0.299,0.8259668508287292,299,701,63,362,1000,25,15
0003,0.7512409717045563,0.7821297084879296,0.5875678822034736,0.7512409717045563,0.7512409717045563,0.7512409717045563,0.7512409717045563,0.7512409717045563,0.7512409717045563,0.7512409717045563,0.7479775884345032,0.7417433620732544,0.7397938870646151,0.7335925133872948,0.7269740622530825,0.7147133180341259,0.66072693874968,0.517707538008282,0.3380243252337006,0.12804304366030808,0.021196776116700594,0.01460515594592465,0.5970413321522824,0.7455621301775148,0.7455621301775148,0.7455621301775148,0.7455621301775148,0.7455621301775148,0.7455621301775148,0.7455621301775148,0.7404129793510325,0.7251461988304093,0.7201166180758017,0.7052023121387283,0.6857142857142857,0.6573033707865169,0.5902964959568733,0.45320197044334976,0.2553191489361702,0.09869646182495345,0.013745704467353952,0.006825938566552901,0.572153494543928,0.7569630681660745,0.7569630681660745,0.7569630681660745,0.7569630681660745,0.7569630681660745,0.7569630681660745,0.7569630681660745,0.7556194831844624,0.7587204015785055,0.7600088396801343,0.763125654063399,0.7707164604835917,0.7771375436035233,0.7395606963274575,0.5913943724657732,0.4475200740946529,0.16611559043396634,0.03268681636569622,0.03125,0.6259261794444043,0.7544910179640718,0.7544910179640718,0.7544910179640718,0.7544910179640718,0.7544910179640718,0.7544910179640718,0.7544910179640718,0.7514970059880239,0.7425149700598802,0.7395209580838323,0.7305389221556886,0.718562874251497,0.7005988023952096,0.655688622754491,0.5508982035928144,0.3592814371257485,0.15868263473053892,0.023952095808383235,0.011976047904191617,0.6013236684525685,0.984375,0.984375,0.984375,0.984375,0.984375,0.984375,0.984375,0.98046875,0.96875,0.96484375,0.953125,0.9375,0.9140625,0.85546875,0.71875,0.46875,0.20703125,0.03125,0.015625,0.7845394736842105,0.7605453131333049,0.7605453131333049,0.7605453131333049,0.7605453131333049,0.7605453131333049,0.7605453131333049,0.7605453131333049,0.7597724042033759,0.7634016701443068,0.7647109886469153,0.767950728820294,0.7754252723926637,0.7818276557044673,0.7681820612739609,0.6667729125414562,0.5112969642672475,0.23330618682185242,0.05417919639823309,0.05555555555555555,0.6434841467738664,0.9820455960161841,0.9820455960161841,0.9820455960161841,0.9820455960161841,0.9820455960161841,0.9820455960161841,0.9820455960161841,0.9789860167174439,0.9696592346616065,0.9680181789314916,0.9652342494374798,0.9660437091503268,0.9537414110943522,0.9253755069117421,0.8239717516444154,0.683828551298195,0.38341699844209787,0.08864678899082568,0.06666666666666667,0.8235741176873649,0.7821297084879296,0.7821297084879296,0.7821297084879296,0.7821297084879296,0.7821297084879296,0.7821297084879296,0.7821297084879296,0.7837036248997086,0.7881245871761884,0.7893703547293056,0.7926648325749368,0.7962834384784677,0.8006347465891313,0.8083811922345042,0.8237681495909155,0.8501358741657562,0.8820981486224726,0.9357563749148166,0.9596197432470139,0.8150236329809856,0.7557260322774574,0.7557260322774574,0.7557260322774574,0.7557260322774574,0.7557260322774574,0.7557260322774574,0.7557260322774574,0.7535554254859701,0.7505739512279148,0.749694914796969,0.7466545337629916,0.7441829311923446,0.7378764343336784,0.696363076575936,0.5707872610756956,0.40098086658012544,0.16235658151082416,0.027980667562840327,0.01934558081335342,0.6131807605716235,252.0,252.0,252.0,252.0,252.0,252.0,252.0,251.0,248.0,247.0,244.0,240.0,234.0,219.0,184.0,120.0,53.0,8.0,4.0,200.8421052631579,82.0,82.0,82.0,82.0,82.0,82.0,82.0,83.0,86.0,87.0,90.0,94.0,100.0,115.0,150.0,214.0,281.0,326.0,330.0,133.1578947368421,4.0,4.0,4.0,4.0,4.0,4.0,4.0,5.0,8.0,9.0,12.0,16.0,22.0,37.0,72.0,136.0,203.0,248.0,252.0,55.1578947368421,0.6976047904191617,0.7893703547293056,0.7125748502994012,0.7395209580838323,0.96484375,0.25,0.625,0.125,0.5418397533477199,0.8372881355932204,0.0625,0.7104821257355209,194.97447761813848,247,87,9,5,2,5,1,7.0,144,0.7728813559322034,0.6826347305389222,0.890625,228,106,28,256,334,12,8
0004,0.7583562083222088,0.822992907771321,0.6241217810135283,0.7583562083222088,0.7583562083222088,0.7583562083222088,0.7577350881813986,0.7577350881813986,0.7577350881813986,0.7577350881813986,0.7577350881813986,0.7577350881813986,0.7577350881813986,0.7571556559859179,0.7543287195418267,0.7387089213032331,0.6893794456098696,0.5729599792397293,0.4101361488973827,0.22240494009326991,0.09963633011411967,0.027305074166241297,0.6237489187993688,0.7963917525773195,0.7963917525773195,0.7963917525773195,0.7940797940797941,0.7940797940797941,0.7940797940797941,0.7940797940797941,0.7940797940797941,0.7940797940797941,0.7940797940797941,0.7917737789203085,0.7848911651728553,0.7645569620253164,0.7083333333333334,0.5840909090909091,0.42099898063200814,0.21322889469103568,0.07148347425057648,0.005772005772005772,0.6469928063252035,0.7221372356502425,0.7221372356502425,0.7221372356502425,0.723053864538425,0.723053864538425,0.723053864538425,0.723053864538425,0.723053864538425,0.723053864538425,0.723053864538425,0.7240511149197407,0.7249563281812443,0.7137347477255945,0.6709327341591124,0.562041169792109,0.3995536055214551,0.23197586541712956,0.13887682968248805,0.12916949578254724,0.6064779289421643,0.8046875,0.8046875,0.8046875,0.8033854166666666,0.8033854166666666,0.8033854166666666,0.8033854166666666,0.8033854166666666,0.8033854166666666,0.8033854166666666,0.8020833333333334,0.7981770833333334,0.7864583333333334,0.7526041666666666,0.6692708333333334,0.5377604166666666,0.3190104166666667,0.12109375,0.010416666666666666,0.6755071271929823,0.987220447284345,0.987220447284345,0.987220447284345,0.9856230031948882,0.9856230031948882,0.9856230031948882,0.9856230031948882,0.9856230031948882,0.9856230031948882,0.9856230031948882,0.9840255591054313,0.9792332268370607,0.9648562300319489,0.9233226837060703,0.8210862619808307,0.6597444089456869,0.3913738019169329,0.1485623003194888,0.012779552715654952,0.828737178409282,0.7260262974601353,0.7260262974601353,0.7260262974601353,0.7269580655242047,0.7269580655242047,0.7269580655242047,0.7269580655242047,0.7269580655242047,0.7269580655242047,0.7269580655242047,0.7279659368566159,0.7292718023950786,0.7227632821789279,0.6964342722754365,0.6233953575352444,0.4955723890881328,0.32470743817953446,0.2042225683153181,0.20681733860994314,0.6314703019202142,0.98742047976771,0.98742047976771,0.98742047976771,0.9858468770877008,0.9858468770877008,0.9858468770877008,0.9858468770877008,0.9858468770877008,0.9858468770877008,0.9858468770877008,0.9842960173579922,0.9804424480295318,0.9701096600127569,0.9330514435203126,0.8434342331008133,0.6833214545682404,0.45147086712070605,0.27520509865461423,0.22611095045305574,0.8531911448281612,0.822992907771321,0.822992907771321,0.822992907771321,0.8240250678475144,0.8240250678475144,0.8240250678475144,0.8240250678475144,0.8240250678475144,0.8240250678475144,0.8240250678475144,0.82449576041861,0.8256184608703495,0.8284715539706272,0.8352139183565813,0.8485386400031887,0.8658241798571048,0.8932252097515451,0.9236799830599834,0.9650779892421288,0.8445947312514043,0.7622957476021394,0.7622957476021394,0.7622957476021394,0.7621620104903196,0.7621620104903196,0.7621620104903196,0.7621620104903196,0.7621620104903196,0.7621620104903196,0.7621620104903196,0.7620691121929442,0.7606862214946111,0.7492146822762873,0.7105960675948094,0.6133170159667889,0.46353437131013986,0.2720344049625508,0.129680823926916,0.0366812701670512,0.6378860676910922,618.0,618.0,618.0,617.0,617.0,617.0,617.0,617.0,617.0,617.0,616.0,613.0,604.0,578.0,514.0,413.0,245.0,93.0,8.0,518.7894736842105,150.0,150.0,150.0,151.0,151.0,151.0,151.0,151.0,151.0,151.0,152.0,155.0,164.0,190.0,254.0,355.0,523.0,675.0,760.0,249.21052631578948,8.0,8.0,8.0,9.0,9.0,9.0,9.0,9.0,9.0,9.0,10.0,13.0,22.0,48.0,112.0,213.0,381.0,533.0,618.0,107.21052631578948,0.7825520833333334,0.8240250678475144,0.7916666666666666,0.8033854166666666,0.9856230031948882,0.38461538461538464,0.5,0.11538461538461539,0.6411763891431203,0.8852223816355811,0.028662420382165606,0.7905662785937314,508.4234668619164,617,151,9,7,10,13,3,8.0,314,0.8091822094691535,0.734375,0.9009584664536742,564,204,62,626,768,30,26
0005,0.7262169744007358,0.8480660421277875,0.6158799552060488,0.7262169744007358,0.7262169744007358,0.7262169744007358,0.725910718672888,0.7251282489839646,0.7251282489839646,0.7247761917060233,0.7247761917060233,0.7234682301515504,0.7229512953053134,0.7134523234222515,0.6971348129583349,0.6781049528179097,0.6512634514884006,0.615844878232775,0.5646087391413551,0.48465627298515385,0.3167951084006735,0.03117714794159661,0.6317804071631782,0.7179067865903516,0.7179067865903516,0.7179067865903516,0.7165032679738562,0.7151020408163266,0.7151020408163266,0.7137030995106036,0.7137030995106036,0.7123064384678076,0.7109120521172638,0.697092084006462,0.6767757382282522,0.6504320502749411,0.6099616858237548,0.5539940828402367,0.4806201550387597,0.35723514211886304,0.19307211811470756,0.017926356589147287,0.5993769374746826,0.7346233574592134,0.7346233574592134,0.7346233574592134,0.7354416860851163,0.7352950312857585,0.7352950312857585,0.736021082750085,0.736021082750085,0.7348049263242364,0.7351944221891159,0.7301965256456568,0.7181063386089399,0.7069552105278462,0.6953618450178174,0.6846010197457572,0.6632743653646452,0.6575268646602084,0.5198013140715084,0.05422264970231957,0.6727362878101313,0.729235880398671,0.729235880398671,0.729235880398671,0.728405315614618,0.7275747508305648,0.7275747508305648,0.7267441860465116,0.7267441860465116,0.7259136212624585,0.7250830564784053,0.7167774086378738,0.7043189368770764,0.6877076411960132,0.6611295681063123,0.622093023255814,0.5664451827242525,0.45930232558139533,0.2823920265780731,0.030730897009966777,0.6319286588564434,0.9788182831661093,0.9788182831661093,0.9788182831661093,0.9777034559643255,0.9765886287625418,0.9765886287625418,0.9754738015607581,0.9754738015607581,0.9743589743589743,0.9732441471571907,0.9620958751393534,0.9453734671125975,0.9230769230769231,0.887402452619844,0.835005574136009,0.7603121516164995,0.6164994425863991,0.379041248606466,0.04124860646599777,0.8482074752097636,0.7497349977501501,0.7497349977501501,0.7497349977501501,0.7505553306662813,0.7505369387302079,0.7505369387302079,0.751280409517328,0.751280409517328,0.7505720686010203,0.75077231429729,0.7480390018840442,0.7399577366479048,0.7323863902196228,0.7246591942392283,0.7175676503306609,0.7052335067903528,0.7036362925669627,0.6302402302131194,0.10159540380253453,0.7004239373686602,0.9596370853522634,0.9596370853522634,0.9596370853522634,0.9606890808463514,0.959766088051392,0.959766088051392,0.9597201064377364,0.9597201064377364,0.9585900740411519,0.9589376314984807,0.9526226880183429,0.9384235245741905,0.9236126250190229,0.9037491209960926,0.8767398160301607,0.836116620152912,0.7846167738419668,0.6564407876093524,0.10472420472420473,0.8722708732835408,0.8480660421277875,0.8480660421277875,0.8480660421277875,0.8488395381509614,0.849528937148899,0.849528937148899,0.8501329638192299,0.8501329638192299,0.8505953159631087,0.8510309087013294,0.8547655990237751,0.8596960871834485,0.8653350257715877,0.8729190240829406,0.8820941834092033,0.8922853897596237,0.9074132195816929,0.9262261657359724,0.9601897007020028,0.8692058992834351,0.7319246619961628,0.7319246619961628,0.7319246619961628,0.7319150452538709,0.7314247050617637,0.7314247050617637,0.7313679256682527,0.7313679256682527,0.7303457434595758,0.7301212356497784,0.723455854526503,0.7111792270403702,0.6972650143692397,0.6780297016165575,0.6525990484958213,0.6129507068968019,0.5495485584283495,0.38312889019049284,0.04082046868434375,0.6506694074768539,878.0,878.0,878.0,877.0,876.0,876.0,875.0,875.0,874.0,873.0,863.0,848.0,828.0,796.0,749.0,682.0,553.0,340.0,37.0,760.8421052631579,326.0,326.0,326.0,327.0,328.0,328.0,329.0,329.0,330.0,331.0,341.0,356.0,376.0,408.0,455.0,522.0,651.0,864.0,1167.0,443.1578947368421,19.0,19.0,19.0,20.0,21.0,21.0,22.0,22.0,23.0,24.0,34.0,49.0,69.0,101.0,148.0,215.0,344.0,557.0,860.0,136.1578947368421,0.6993355481727574,0.8505594632450353,0.7084717607973422,0.7267441860465116,0.9754738015607581,0.21212121212121213,0.7575757575757576,0.030303030303030304,0.5907305069264168,0.8329366968110423,0.07407407407407407,0.7076068167066792,744.2395303394059,875,329,22,11,7,25,1,19.0,297,0.7910518800571157,0.6901993355481728,0.9264214046822743,831,373,66,897,1204,38,33
0006,0.7343045445608154,0.7393103898668506,0.5428789791202566,0.7343045445608154,0.7343045445608154,0.7343045445608154,0.7315110166396034,0.7315110166396034,0.7288704938772091,0.7288704938772091,0.7288704938772091,0.7288704938772091,0.7261038313379069,0.7253542279945134,0.6944712537422056,0.49013284121636275,0.3936624961377612,0.2687381037710543,0.2225817610525802,0.16356631168966174,0.055193939028650975,0.013932187938177501,0.5439555050725982,0.810379241516966,0.810379241516966,0.810379241516966,0.8067729083665338,0.8067729083665338,0.8031809145129225,0.8031809145129225,0.8031809145129225,0.8031809145129225,0.7996031746031746,0.7960396039603961,0.7611650485436893,0.4966996699669967,0.37632776934749623,0.25103448275862067,0.1613316261203585,0.10072815533980582,0.024858757062146894,0.00331858407079646,0.580448109005744,0.6653713922302856,0.6653713922302856,0.6653713922302856,0.6632701246110698,0.6632701246110698,0.6614352846854897,0.6614352846854897,0.6614352846854897,0.6614352846854897,0.6593605311099953,0.6609454522763827,0.6336212142123713,0.48365283201171927,0.41179570971898005,0.2876902313372797,0.3070857310785892,0.26560536356002273,0.12254719324391457,0.05849056603773586,0.5189047573285235,0.812,0.812,0.812,0.81,0.81,0.808,0.808,0.808,0.808,0.806,0.804,0.784,0.602,0.496,0.364,0.252,0.166,0.044,0.006,0.6111578947368422,0.9975429975429976,0.9975429975429976,0.9975429975429976,0.995085995085995,0.995085995085995,0.9926289926289926,0.9926289926289926,0.9926289926289926,0.9926289926289926,0.9901719901719902,0.9877149877149877,0.9631449631449631,0.7395577395577395,0.6093366093366094,0.44717444717444715,0.3095823095823096,0.20393120393120392,0.05405405405405406,0.007371007371007371,0.750808224492435,0.669392965726699,0.669392965726699,0.669392965726699,0.667974423817322,0.667974423817322,0.6666696032049404,0.6666696032049404,0.6666696032049404,0.6666696032049404,0.6654082374560693,0.6670082026680937,0.648931632427546,0.5266865666151643,0.4679721951663625,0.3304460275496861,0.3287652391579938,0.30115219366226265,0.17573529411764707,0.10000000000000002,0.5380479866555435,0.9887989678630072,0.9887989678630072,0.9887989678630072,0.9867430922986479,0.9867430922986479,0.98485384252711,0.98485384252711,0.98485384252711,0.98485384252711,0.9824382606640671,0.982394574745321,0.960865349834515,0.8567219106806553,0.814871872007506,0.7189327457421386,0.7791345060382268,0.6523525129239779,0.2899900645802285,0.14444444444444446,0.8453391947345178,0.7393103898668506,0.7393103898668506,0.7393103898668506,0.740690586252374,0.740690586252374,0.7417829319538508,0.7417829319538508,0.7417829319538508,0.7417829319538508,0.7424884748387831,0.7429882821986978,0.7469847884100035,0.7827430797265401,0.8069490936725742,0.8365642304010947,0.8663614291086557,0.886895397540966,0.9202517804352108,0.9570985175194421,0.787145744409088,0.735038482319798,0.735038482319798,0.735038482319798,0.7329725785695987,0.7329725785695987,0.7310538352446253,0.7310538352446253,0.7310538352446253,0.7310538352446253,0.7290024609524005,0.7289719772599025,0.7048113449303289,0.5395915166781766,0.45194100502235257,0.3236035293484449,0.27818268140163666,0.2099773567577318,0.07343075992206699,0.01873348329132666,0.5607116874021821,406.0,406.0,406.0,405.0,405.0,404.0,404.0,404.0,404.0,403.0,402.0,392.0,301.0,248.0,182.0,126.0,83.0,22.0,3.0,305.57894736842104,94.0,94.0,94.0,95.0,95.0,96.0,96.0,96.0,96.0,97.0,98.0,108.0,199.0,252.0,318.0,374.0,417.0,478.0,497.0,194.42105263157896,1.0,1.0,1.0,2.0,2.0,3.0,3.0,3.0,3.0,4.0,5.0,15.0,106.0,159.0,225.0,281.0,324.0,385.0,404.0,101.42105263157895,0.79,0.7418900084502997,0.806,0.81,0.995085995085995,0.7272727272727273,0.2727272727272727,0.0,0.5809309068447428,0.8930540242557883,0.007407407407407408,0.8041938200260161,300.4654534223714,405,95,2,8,8,3,0,8.0,270,0.762954796030871,0.692,0.8501228501228502,346,154,61,407,500,18,11
0007,0.8076764794815494,0.8038119959148071,0.649220043025509,0.8076764794815494,0.8072878996268934,0.8068709994227934,0.8061681131023746,0.8045553172571647,0.8029034464770018,0.8029034464770018,0.7996477472370291,0.7962652308236241,0.7942489002020636,0.7923365828056309,0.7822672226225943,0.7457344865970339,0.6745933953252491,0.5525704674553698,0.390132801112186,0.22863579029919873,0.0910048821630511,0.019610598059561033,0.6476533582393355,0.8345864661654135,0.8336673346693386,0.8318318318318318,0.83,0.8272591113330005,0.8236173393124065,0.8236173393124065,0.8199900546991546,0.8154761904761905,0.8118811881188119,0.8091942659416708,0.7967599410898379,0.753713464302827,0.6712328767123288,0.5456081081081081,0.36976047904191617,0.19218241042345277,0.061177152797912436,0.006047278724573941,0.6556633070032202,0.7816341648876162,0.7817431795411457,0.7826591683511768,0.7830205139554736,0.7824746196916923,0.7827105059527213,0.7827105059527213,0.7798100915941691,0.7775068422885014,0.7769995471059872,0.7758300903449038,0.7680381204313941,0.7378399761168443,0.6779707383306263,0.5596216716107639,0.41162755656855,0.27200368905020217,0.13537551518405122,0.06359481243867324,0.6427984899682744,0.8464667005592272,0.845958312150483,0.8449415353329944,0.8439247585155059,0.842399593289273,0.8403660396542959,0.8403660396542959,0.8383324860193188,0.8357905439755974,0.8337569903406202,0.8322318251143874,0.8251143873919674,0.7996949669547534,0.7473309608540926,0.6568378240976106,0.5022877478393493,0.29994916115912557,0.10726995424504321,0.011184544992374174,0.6944318090600166,0.9834613112817484,0.9828706438275251,0.9816893089190786,0.980507974010632,0.9787359716479622,0.9763733018310691,0.9763733018310691,0.974010632014176,0.9710572947430597,0.9686946249261665,0.9669226225634967,0.958653278204371,0.9291199054932073,0.8682811577082102,0.7631423508564678,0.583579444772593,0.34849379799173064,0.12463083284111046,0.01299468399291199,0.8068206547082413,0.7951299615872857,0.795286600531376,0.7962130365423424,0.7966246842314955,0.7965109470532422,0.797118773161246,0.797118773161246,0.7952138805044723,0.7936169318224257,0.7934011121198953,0.7928733731872426,0.7873915985732758,0.7686157790705649,0.7287192462420657,0.6443462915951781,0.5140412576187269,0.37257856680401163,0.20372179922737843,0.10075183562976414,0.6773302341401704,0.9707360134645625,0.9701550254918849,0.9709915538017428,0.9701533910151586,0.9691591177252086,0.9694053461052142,0.9694053461052142,0.9674340084668422,0.9652500874269702,0.9639784059505637,0.9634267789122896,0.9584178139817177,0.9361678995295909,0.8893558023664523,0.7941221854434662,0.6522052753461715,0.4817669147393959,0.264455814722432,0.13965502093528026,0.8298022000805346,0.8038119959148071,0.8042510414051036,0.8050550260674566,0.8058089596292399,0.8068753953762058,0.808151825886241,0.808151825886241,0.8092206174284857,0.8104089524765279,0.8112273584346213,0.8117720294290786,0.8138132444881707,0.8196324926810122,0.8297916962499094,0.8439627422583078,0.8649019238404027,0.8918978402480534,0.9243091046231131,0.9599239378934384,0.833314105800864,0.8134047532420667,0.8132171547008705,0.8132043035726557,0.8129024530363778,0.8118844138099094,0.8110260958090675,0.8110260958090675,0.8085419795589419,0.8061221164693694,0.8048781298377493,0.8035362419122111,0.7960648863211013,0.768145113451004,0.711806520978549,0.6062843236458302,0.4547037258891017,0.2856348689547475,0.12050612150298559,0.026669815166249982,0.6673452165088346,1665.0,1664.0,1662.0,1660.0,1657.0,1653.0,1653.0,1649.0,1644.0,1640.0,1637.0,1623.0,1573.0,1470.0,1292.0,988.0,590.0,211.0,22.0,1365.9473684210527,302.0,303.0,305.0,307.0,310.0,314.0,314.0,318.0,323.0,327.0,330.0,344.0,394.0,497.0,675.0,979.0,1377.0,1756.0,1945.0,601.0526315789474,28.0,29.0,31.0,33.0,36.0,40.0,40.0,44.0,49.0,53.0,56.0,70.0,120.0,223.0,401.0,705.0,1103.0,1482.0,1671.0,327.05263157894734,0.8093543467208948,0.8107702059821169,0.8210472801220132,0.8408744280630401,0.9769639692852924,0.7358490566037735,0.2641509433962264,0.0,0.6502358519036204,0.9038251366120219,0.04875,0.8203549934743175,1341.0139206944214,1654,313,39,23,39,14,0,17.0,800,0.8573770491803279,0.7976614133197764,0.9267572356763142,1569,398,124,1693,1967,73,53
0008,0.6749517510692462,0.8361472792820301,0.5643590703031923,0.6749517510692462,0.6749517510692462,0.6749517510692462,0.6749517510692462,0.6749517510692462,0.6749517510692462,0.6749517510692462,0.6749517510692462,0.6749517510692462,0.6749517510692462,0.6732066097124524,0.665507655076649,0.6537427167616219,0.6137960631995036,0.5554908587241855,0.43207959948687286,0.27939642941823456,0.10983384214879746,0.010741169016780579,0.5654374975914505,0.7413962635201573,0.7413962635201573,0.7413962635201573,0.7413962635201573,0.7413962635201573,0.7413962635201573,0.7413962635201573,0.7413962635201573,0.7413962635201573,0.7413962635201573,0.7396856581532416,0.7311827956989247,0.7127659574468085,0.6644736842105263,0.594059405940594,0.4528301886792453,0.2768565248738284,0.09388511426806671,0.0056785917092561046,0.6150200292727402,0.61446204774278,0.61446204774278,0.61446204774278,0.61446204774278,0.61446204774278,0.61446204774278,0.61446204774278,0.61446204774278,0.61446204774278,0.61446204774278,0.6127023477676279,0.6057314827029803,0.599607115426469,0.5669834880621761,0.5194263251123239,0.4122798898131263,0.28195963525596457,0.12849185917506123,0.02031713455626499,0.520637881857884,0.748015873015873,0.748015873015873,0.748015873015873,0.748015873015873,0.748015873015873,0.748015873015873,0.748015873015873,0.748015873015873,0.748015873015873,0.748015873015873,0.7470238095238095,0.7420634920634921,0.7311507936507936,0.7013888888888888,0.6547619047619048,0.5476190476190477,0.38095238095238093,0.15079365079365079,0.00992063492063492,0.6392543859649122,0.9882044560943644,0.9882044560943644,0.9882044560943644,0.9882044560943644,0.9882044560943644,0.9882044560943644,0.9882044560943644,0.9882044560943644,0.9882044560943644,0.9882044560943644,0.9868938401048493,0.9803407601572739,0.9659239842726082,0.926605504587156,0.8650065530799476,0.7234600262123198,0.5032765399737876,0.19921363040629095,0.01310615989515072,0.8445195557701594,0.62205589832511,0.62205589832511,0.62205589832511,0.62205589832511,0.62205589832511,0.62205589832511,0.62205589832511,0.62205589832511,0.62205589832511,0.62205589832511,0.6204915635287289,0.6156464624739834,0.612785248492109,0.5918164225279563,0.5592550777611016,0.4798732503228214,0.36299469799749007,0.19476101870491577,0.033821378726373745,0.5416844265150832,0.9902792748144921,0.9902792748144921,0.9902792748144921,0.9902792748144921,0.9902792748144921,0.9902792748144921,0.9902792748144921,0.9902792748144921,0.9902792748144921,0.9902792748144921,0.9895336641065018,0.9838757363872418,0.9707600800140428,0.9376876529434179,0.8795610422609186,0.7539949718045699,0.5542837761514074,0.27552285235930246,0.04979517149807615,0.8577793524037053,0.8361472792820301,0.8361472792820301,0.8361472792820301,0.8361472792820301,0.8361472792820301,0.8361472792820301,0.8361472792820301,0.8361472792820301,0.8361472792820301,0.8361472792820301,0.8365686257738114,0.8382499320277716,0.8413304583334075,0.8482885336743926,0.8569745146159571,0.8721999413869773,0.8919151645454355,0.9216991430624849,0.9599578796263553,0.8541398413614155,0.6779582325463985,0.6779582325463985,0.6779582325463985,0.6779582325463985,0.6779582325463985,0.6779582325463985,0.6779582325463985,0.6779582325463985,0.6779582325463985,0.6779582325463985,0.6765376870016595,0.670441063261619,0.6621202446102413,0.6306155078257085,0.5831814211838556,0.4751550490228954,0.3277395221562767,0.13919682662428456,0.014197143183264756,0.5767771994912522,754.0,754.0,754.0,754.0,754.0,754.0,754.0,754.0,754.0,754.0,753.0,748.0,737.0,707.0,660.0,552.0,384.0,152.0,10.0,644.3684210526316,254.0,254.0,254.0,254.0,254.0,254.0,254.0,254.0,254.0,254.0,255.0,260.0,271.0,301.0,348.0,456.0,624.0,856.0,998.0,363.63157894736844,9.0,9.0,9.0,9.0,9.0,9.0,9.0,9.0,9.0,9.0,10.0,15.0,26.0,56.0,103.0,211.0,379.0,611.0,753.0,118.63157894736842,0.7341269841269841,0.8361472792820301,0.7390873015873016,0.748015873015873,0.9882044560943644,0.38095238095238093,0.5714285714285714,0.047619047619047616,0.6115625481931058,0.8514963297571994,0.023076923076923078,0.7383938789639524,630.4550485786507,754,254,9,5,8,12,1,11.0,390,0.7069452286843592,0.621031746031746,0.8204456094364351,626,382,137,763,1008,25,21
0009,0.6615711201393993,0.7978712610246281,0.5278485838830983,0.6615711201393993,0.6612856594827531,0.6611489905565171,0.6607922934720828,0.65992562683029,0.6597887084909623,0.6591642435967476,0.657037057235783,0.652805516641347,0.6494906956427432,0.6440465822038522,0.6362732093369073,0.6119903467882518,0.5516555937450813,0.45223163264114913,0.33982798295611044,0.20558121656453332,0.0733807028961055,0.019717822677155165,0.5325113158893564,0.7135437475029964,0.7121756487025949,0.7114924181963288,0.7108097327483047,0.710127591706539,0.7094459944200877,0.708084428514536,0.7033359809372518,0.6952569169960474,0.6865906409752262,0.6767005473025801,0.6624031007751938,0.6289403721990126,0.557936796222303,0.45094722598105547,0.3196923076923077,0.1741034765945798,0.04865525672371638,0.005627198124267292,0.5571510201218384,0.6133840406199643,0.6140321200734512,0.6143677382002452,0.6142944236621901,0.6132726541448382,0.6136071572410672,0.6136238597252994,0.6137858808329208,0.6129461385276642,0.6143954469395622,0.6129683235840379,0.61117406673687,0.5954971267824628,0.5454451044827381,0.4535196976017566,0.36123189461025995,0.24275010143863662,0.11067103372001713,0.06909167271915782,0.5126346569285861,0.7286821705426356,0.7278661770705834,0.7274581803345573,0.7270501835985312,0.7266421868625051,0.7262341901264789,0.7254181966544268,0.722562219502244,0.7176662586699306,0.7123623011015912,0.7062423500611995,0.6972664218686251,0.6756425948592412,0.6266829865361077,0.543859649122807,0.4239086087311302,0.2594859241126071,0.08119135046919625,0.009791921664626682,0.5929480985204749,0.9717083786724701,0.970620239390642,0.970076169749728,0.969532100108814,0.9689880304678999,0.9684439608269858,0.9673558215451578,0.9635473340587595,0.9570184983677911,0.9499455930359086,0.941784548422198,0.9298150163220892,0.9009793253536452,0.8356909684439608,0.7252448313384113,0.5652883569096845,0.34602829162132753,0.10826985854189336,0.013057671381936888,0.7907049997136475,0.662588406156107,0.6631656047361841,0.6634865562301983,0.6634046049096071,0.6627837030767485,0.6631460213690067,0.6632371385391149,0.6638999025354427,0.6641956993103132,0.665888347797521,0.665027346198325,0.6635726193800178,0.652398982913929,0.613144382891301,0.5409106602536345,0.45663512730893085,0.33604811181616245,0.1755090287712028,0.11213664581273762,0.571114678421394,0.8874744517060469,0.8878776990983431,0.8883652813645124,0.8881823854986756,0.8876049097652855,0.8875417664561648,0.8869983608271736,0.8864009696357553,0.8845330140041273,0.8853150719500593,0.8831648765940956,0.8805122178615074,0.8679564552760033,0.8276620014288811,0.7443730281028441,0.634637673618477,0.45573543610962164,0.24370617484651308,0.14525492592765268,0.7659629842143021,0.7978712610246281,0.7986741448072526,0.7990433345831448,0.7994030314374242,0.7997356013191071,0.8000275713112877,0.800554171421216,0.8022444456894683,0.8048449997965602,0.8072744874277182,0.8097035236182254,0.8127891657646995,0.8187626729143778,0.829713516267101,0.8452087054587445,0.8647208626264287,0.8896574602377395,0.9245045346114971,0.9601820952271019,0.8297323992391433,0.6685521775412655,0.6685306364231997,0.6685258685252262,0.6682984913249088,0.6675550782900075,0.667549621297756,0.6671835682524381,0.6659568216887451,0.6632426117216307,0.6615679514367417,0.6579545496165101,0.6528025387914125,0.6343053081683344,0.5846547417653787,0.4966397724789799,0.3913174029781266,0.2509785536659133,0.0947920391464924,0.026010387289389172,0.5503377958106557,1786.0,1784.0,1783.0,1782.0,1781.0,1780.0,1778.0,1771.0,1759.0,1746.0,1731.0,1709.0,1656.0,1536.0,1333.0,1039.0,636.0,199.0,24.0,1453.3157894736842,665.0,667.0,668.0,669.0,670.0,671.0,673.0,680.0,692.0,705.0,720.0,742.0,795.0,915.0,1118.0,1412.0,1815.0,2252.0,2427.0,997.6842105263158,52.0,54.0,55.0,56.0,57.0,58.0,60.0,67.0,79.0,92.0,107.0,129.0,182.0,302.0,505.0,799.0,1202.0,1639.0,1814.0,384.6842105263158,0.6634026927784578,0.8080053697416681,0.6846185230518156,0.7172582619339045,0.956474428726877,0.4810126582278481,0.379746835443038,0.13924050632911392,0.5256929579787241,0.8197715085101422,0.099626400996264,0.6839183992886027,1420.4734400058526,1758,693,80,52,38,30,11,43.0,803,0.6775472138027512,0.5928192574459404,0.7905331882480957,1453,998,385,1838,2451,102,79
0010,0.806268377873354,0.8809422906795611,0.7102759117062465,0.806268377873354,0.806268377873354,0.806268377873354,0.806268377873354,0.806268377873354,0.806268377873354,0.806268377873354,0.806268377873354,0.806268377873354,0.806268377873354,0.806268377873354,0.806268377873354,0.7938446102192395,0.7706557617515404,0.7348451399483348,0.6928243480523268,0.6398221916930436,0.37706568826194586,0.06325596287143415,0.7235544335409534,0.770940170940171,0.770940170940171,0.770940170940171,0.770940170940171,0.770940170940171,0.770940170940171,0.770940170940171,0.770940170940171,0.770940170940171,0.770940170940171,0.770940170940171,0.770940170940171,0.7529610829103215,0.7180762852404643,0.6629213483146067,0.5913978494623656,0.5080058224163028,0.2982456140350877,0.04964539007092199,0.6753966023016906,0.8432154940969842,0.8432154940969842,0.8432154940969842,0.8432154940969842,0.8432154940969842,0.8432154940969842,0.8432154940969842,0.8432154940969842,0.8432154940969842,0.8432154940969842,0.8432154940969842,0.8432154940969842,0.8369479903773361,0.8270852489188701,0.8145723185390884,0.8116457942660772,0.8058420177858031,0.47671625859258415,0.08059795346710114,0.7774733426900353,0.7775862068965518,0.7775862068965518,0.7775862068965518,0.7775862068965518,0.7775862068965518,0.7775862068965518,0.7775862068965518,0.7775862068965518,0.7775862068965518,0.7775862068965518,0.7775862068965518,0.7775862068965518,0.7672413793103449,0.746551724137931,0.7120689655172414,0.6637931034482759,0.6017241379310345,0.4103448275862069,0.08448275862068966,0.700907441016334,0.9890350877192983,0.9890350877192983,0.9890350877192983,0.9890350877192983,0.9890350877192983,0.9890350877192983,0.9890350877192983,0.9890350877192983,0.9890350877192983,0.9890350877192983,0.9890350877192983,0.9890350877192983,0.9758771929824561,0.9495614035087719,0.9057017543859649,0.8442982456140351,0.7653508771929824,0.5219298245614035,0.1074561403508772,0.891505078485688,0.847024446368245,0.847024446368245,0.847024446368245,0.847024446368245,0.847024446368245,0.847024446368245,0.847024446368245,0.847024446368245,0.847024446368245,0.847024446368245,0.847024446368245,0.847024446368245,0.8439496295045917,0.839142720951086,0.8354138132760353,0.8375618483889432,0.8439254993662444,0.6250010126266767,0.14583009685450793,0.7965851567045804,0.991698951455049,0.991698951455049,0.991698951455049,0.991698951455049,0.991698951455049,0.991698951455049,0.991698951455049,0.991698951455049,0.991698951455049,0.991698951455049,0.991698951455049,0.991698951455049,0.9798289351098339,0.9578164073545137,0.9253118340977214,0.8988614663011694,0.8797247915135756,0.6419003465522073,0.15422575480884518,0.9125293133262344,0.8809422906795611,0.8809422906795611,0.8809422906795611,0.8809422906795611,0.8809422906795611,0.8809422906795611,0.8809422906795611,0.8809422906795611,0.8809422906795611,0.8809422906795611,0.8809422906795611,0.8809422906795611,0.8843452348240776,0.8901094176087542,0.8980807114986178,0.9068098796764053,0.9153685305961264,0.9328893930887452,0.9636970402056728,0.8927688260870068,0.8097362148572063,0.8097362148572063,0.8097362148572063,0.8097362148572063,0.8097362148572063,0.8097362148572063,0.8097362148572063,0.8097362148572063,0.8097362148572063,0.8097362148572063,0.8097362148572063,0.8097362148572063,0.8013370892128534,0.7857874512801998,0.7615981014952109,0.7340060494823052,0.6963437322621406,0.442287294571883,0.0825174978297493,0.7379321997063589,451.0,451.0,451.0,451.0,451.0,451.0,451.0,451.0,451.0,451.0,451.0,451.0,445.0,433.0,413.0,385.0,349.0,238.0,49.0,406.5263157894737,129.0,129.0,129.0,129.0,129.0,129.0,129.0,129.0,129.0,129.0,129.0,129.0,135.0,147.0,167.0,195.0,231.0,342.0,531.0,173.47368421052633,5.0,5.0,5.0,5.0,5.0,5.0,5.0,5.0,5.0,5.0,5.0,5.0,11.0,23.0,43.0,71.0,107.0,218.0,407.0,49.473684210526315,0.7655172413793103,0.8809422906795611,0.7689655172413793,0.7775862068965518,0.9890350877192983,0.23076923076923078,0.7692307692307693,0.0,0.6729396087870381,0.8706563706563707,0.017006802721088437,0.7684465000074759,397.30497309648206,451,129,5,2,3,10,0,5.0,294,0.859073359073359,0.7672413793103449,0.9758771929824561,445,135,11,456,580,16,13
0011,0.6421096895256765,0.8346312101902498,0.535924787243701,0.6421096895256765,0.6413646398742037,0.6404239377022958,0.6401880216484906,0.6397106377482928,0.6383323308003938,0.63664181890792,0.6346439810283323,0.631921965501809,0.6279099472631647,0.6246498305249548,0.6212208986705756,0.6114259724892306,0.5974345037069982,0.5684973417882504,0.5130733787482137,0.3851890283692068,0.18522018902467027,0.033494495896678834,0.5533396110115452,0.6719340432840948,0.669639794168096,0.6667808219178082,0.6656399726214921,0.663362952836637,0.6599590723055935,0.6554421768707483,0.6515100101798439,0.6459249239093676,0.6370669357551295,0.6288487282463187,0.6196339434276207,0.6041529334212261,0.5766115970197603,0.5305031446540881,0.451103160405486,0.30833333333333335,0.12871057513914658,0.01628732512006682,0.5500760760324135,0.6136091146202537,0.614283387671116,0.6151089031062008,0.615709272158238,0.616901649841013,0.6174142937706076,0.6183807205045208,0.618214572857151,0.6182225761885921,0.6188845782817033,0.620478969342877,0.6228119182921366,0.6187865673636518,0.6190093783483087,0.6092126519458064,0.5835567450768552,0.481201905651936,0.2665400134001923,0.06888063246127628,0.5609056763622334,0.6841552990556139,0.682756208464498,0.6810073452256034,0.6803077999300454,0.6789087093389297,0.6768100734522561,0.6740118922700244,0.6715634837355718,0.6680657572577824,0.6624693948933194,0.6572228051766352,0.6512766701643932,0.6411332633788038,0.6225953130465197,0.590066456803078,0.5292060160895418,0.4011892270024484,0.19412381951731375,0.02728226652675761,0.5828500948067966,0.9741035856573705,0.9721115537848606,0.9696215139442231,0.9686254980079682,0.9666334661354582,0.9636454183266933,0.9596613545816733,0.9561752988047809,0.951195219123506,0.9432270916334662,0.9357569721115537,0.9272908366533864,0.9128486055776892,0.8864541832669323,0.8401394422310757,0.7534860557768924,0.5712151394422311,0.27639442231075695,0.03884462151394422,0.8298647515202348,0.632190526961276,0.6330009845776031,0.633931039454223,0.6345497263179126,0.6357696668049528,0.6364209996876868,0.6376291907244965,0.6379119278686578,0.6381811777090344,0.6389027093423475,0.6408046153708917,0.6434702833146132,0.6423813314725835,0.6445962022736771,0.641833983186692,0.6304441700505515,0.5684138749568582,0.3749591752524153,0.11607031012211244,0.5927085208130835,0.9281596348215552,0.9283269132171367,0.9276825487820435,0.9281223251818194,0.9288634191162354,0.9282380447493968,0.9280883917362724,0.9273319962307501,0.9251012117548084,0.9211747735366371,0.9169371577010355,0.912044278473973,0.9033152495667466,0.8933129325068587,0.867909881976374,0.816319985707761,0.7113955428987891,0.457887849475975,0.14275329063998632,0.8364718646354818,0.8346312101902498,0.8362029041134659,0.8380093855277256,0.8386919840628377,0.8399302432407914,0.8416790603299923,0.8438010250533752,0.8455448244006919,0.847728150438473,0.8508260891549975,0.8534529569786674,0.8559924206522864,0.8596206516543341,0.8650724547203311,0.8725748613153516,0.8835843782632432,0.9017455058858377,0.9277450556293763,0.9611748978491766,0.863053055761116,0.6479227788218825,0.6476154697728109,0.6472199634814942,0.6472030750378899,0.647162964702569,0.646430362465562,0.6455973664526159,0.6443371262344324,0.6426611342809591,0.6403062486678442,0.6385866650538775,0.6368852897374855,0.6298608189662428,0.6207997565169439,0.5995631334340603,0.5557173204285636,0.43937799280415185,0.22746816360853955,0.04334996855062494,0.5709508210009764,1956.0,1952.0,1947.0,1945.0,1941.0,1935.0,1927.0,1920.0,1910.0,1894.0,1879.0,1862.0,1833.0,1780.0,1687.0,1513.0,1147.0,555.0,78.0,1666.3684210526317,903.0,907.0,912.0,914.0,918.0,924.0,932.0,939.0,949.0,965.0,980.0,997.0,1026.0,1079.0,1172.0,1346.0,1712.0,2304.0,2781.0,1192.6315789473683,52.0,56.0,61.0,63.0,67.0,73.0,81.0,88.0,98.0,114.0,129.0,146.0,175.0,228.0,321.0,495.0,861.0,1453.0,1930.0,341.63157894736844,0.6246939489331934,0.8468597477917023,0.64568030779993,0.6740118922700244,0.9596613545816733,0.4117647058823529,0.45098039215686275,0.13725490196078433,0.5214755977595699,0.7918635709882885,0.21715817694369974,0.645058359128932,1631.8987339946102,1927,932,81,60,21,23,7,70.0,373,0.6566673515512637,0.5589366911507521,0.795816733067729,1598,1261,410,2008,2859,81,51
0012,0.49646831916582285,0.8210683990956898,0.40763444801921017,0.49646831916582285,0.49646831916582285,0.49646831916582285,0.49646831916582285,0.49646831916582285,0.49646831916582285,0.49646831916582285,0.49646831916582285,0.49646831916582285,0.49646831916582285,0.49646831916582285,0.4657608487750196,0.42218796136501563,0.3946733636644891,0.3946733636644891,0.26200312989392227,0.17309629422693837,0.07904877573013366,0.0,0.4027681709549505,0.3916083916083916,0.3916083916083916,0.3916083916083916,0.3916083916083916,0.3916083916083916,0.3916083916083916,0.3916083916083916,0.3916083916083916,0.3916083916083916,0.3916083916083916,0.3916083916083916,0.3724137931034483,0.34459459459459457,0.32666666666666666,0.32666666666666666,0.2360248447204969,0.13068181818181818,0.05851063829787234,0.0,0.32122375420651955,0.6294063079777364,0.6294063079777364,0.6294063079777364,0.6294063079777364,0.6294063079777364,0.6294063079777364,0.6294063079777364,0.6294063079777364,0.6294063079777364,0.6294063079777364,0.6294063079777364,0.5825057295645532,0.5172532521331196,0.476837950978292,0.476837950978292,0.2908407382091593,0.22927693761814746,0.10679611650485436,0.0,0.5054641086179746,0.3916083916083916,0.3916083916083916,0.3916083916083916,0.3916083916083916,0.3916083916083916,0.3916083916083916,0.3916083916083916,0.3916083916083916,0.3916083916083916,0.3916083916083916,0.3916083916083916,0.3776223776223776,0.35664335664335667,0.34265734265734266,0.34265734265734266,0.26573426573426573,0.16083916083916083,0.07692307692307693,0.0,0.32793522267206476,1.0,1.0,1.0,1.0,1.0,1.0,1.0,1.0,1.0,1.0,1.0,0.9642857142857143,0.9107142857142857,0.875,0.875,0.6785714285714286,0.4107142857142857,0.19642857142857142,0.0,0.837406015037594,0.6294063079777364,0.6294063079777364,0.6294063079777364,0.6294063079777364,0.6294063079777364,0.6294063079777364,0.6294063079777364,0.6294063079777364,0.6294063079777364,0.6294063079777364,0.6294063079777364,0.5999679333012666,0.5559375265257618,0.5266808021910062,0.5266808021910062,0.3677375256322625,0.3194052324487107,0.16666666666666666,0.0,0.5256076777216727,1.0,1.0,1.0,1.0,1.0,1.0,1.0,1.0,1.0,1.0,1.0,0.9645061728395062,0.9121732026143792,0.8779761904761904,0.8779761904761904,0.7039473684210527,0.4492753623188405,0.22916666666666663,0.0,0.842895850200675,0.8210683990956898,0.8210683990956898,0.8210683990956898,0.8210683990956898,0.8210683990956898,0.8210683990956898,0.8210683990956898,0.8210683990956898,0.8210683990956898,0.8210683990956898,0.8210683990956898,0.8294622381180685,0.8418745402366866,0.8492113363766791,0.8492113363766791,0.8717567705997906,0.901398065233984,0.9257197515762958,1.0,0.8473887593984617,0.49646831916582285,0.49646831916582285,0.49646831916582285,0.49646831916582285,0.49646831916582285,0.49646831916582285,0.49646831916582285,0.49646831916582285,0.49646831916582285,0.49646831916582285,0.49646831916582285,0.46900660824430207,0.4295054552336306,0.4042177942154375,0.4042177942154375,0.27800422661107643,0.1920330967470854,0.09063711097000388,0.0,0.4067775577400539,56.0,56.0,56.0,56.0,56.0,56.0,56.0,56.0,56.0,56.0,56.0,54.0,51.0,49.0,49.0,38.0,23.0,11.0,0.0,46.89473684210526,87.0,87.0,87.0,87.0,87.0,87.0,87.0,87.0,87.0,87.0,87.0,89.0,92.0,94.0,94.0,105.0,120.0,132.0,143.0,96.10526315789474,0.0,0.0,0.0,0.0,0.0,0.0,0.0,0.0,0.0,0.0,0.0,2.0,5.0,7.0,7.0,18.0,33.0,45.0,56.0,9.105263157894736,0.3776223776223776,0.8210683990956898,0.3916083916083916,0.3916083916083916,1.0,0.0,0.5,0.5,0.3075512611843261,0.5628140703517588,0.0,0.3895032867436085,45.97983034935863,56,87,0,2,0,1,1,2.0,78,0.5226130653266332,0.36363636363636365,0.9285714285714286,52,91,4,56,143,4,2
0013,0.1856953381770519,0.7152094203355214,0.1328110551766179,0.1856953381770519,0.1856953381770519,0.1856953381770519,0.1856953381770519,0.1856953381770519,0.1856953381770519,0.1856953381770519,0.1856953381770519,0.1856953381770519,0.1856953381770519,0.1856953381770519,0.1856953381770519,0.14322297480788657,0.14322297480788657,0.0323254091917618,0.0,0.0,0.0,0.0,0.1340587061543241,0.1724137931034483,0.1724137931034483,0.1724137931034483,0.1724137931034483,0.1724137931034483,0.1724137931034483,0.1724137931034483,0.1724137931034483,0.1724137931034483,0.1724137931034483,0.1724137931034483,0.1724137931034483,0.13333333333333333,0.13333333333333333,0.030303030303030304,0.0,0.0,0.0,0.0,0.12452290601110928,0.2,0.2,0.2,0.2,0.2,0.2,0.2,0.2,0.2,0.2,0.2,0.2,0.15384615384615385,0.15384615384615385,0.034482758620689655,0.0,0.0,0.0,0.0,0.14432500349015775,0.2,0.2,0.2,0.2,0.2,0.2,0.2,0.2,0.2,0.2,0.2,0.2,0.16,0.16,0.04,0.0,0.0,0.0,0.0,0.14526315789473684,0.5555555555555556,0.5555555555555556,0.5555555555555556,0.5555555555555556,0.5555555555555556,0.5555555555555556,0.5555555555555556,0.5555555555555556,0.5555555555555556,0.5555555555555556,0.5555555555555556,0.5555555555555556,0.4444444444444444,0.4444444444444444,0.1111111111111111,0.0,0.0,0.0,0.0,0.4035087719298246,0.2,0.2,0.2,0.2,0.2,0.2,0.2,0.2,0.2,0.2,0.2,0.2,0.16,0.16,0.04,0.0,0.0,0.0,0.0,0.14526315789473684,1.0,1.0,1.0,1.0,1.0,1.0,1.0,1.0,1.0,1.0,1.0,1.0,0.8,0.8,0.2,0.0,0.0,0.0,0.0,0.7263157894736842,0.7152094203355214,0.7152094203355214,0.7152094203355214,0.7152094203355214,0.7152094203355214,0.7152094203355214,0.7152094203355214,0.7152094203355214,0.7152094203355214,0.7152094203355214,0.7152094203355214,0.7152094203355214,0.7350185985060195,0.7350185985060195,0.7595253829685864,1.0,1.0,1.0,1.0,0.7795829275793096,0.2,0.2,0.2,0.2,0.2,0.2,0.2,0.2,0.2,0.2,0.2,0.2,0.15689290811054724,0.15689290811054724,0.037139067635410375,0.0,0.0,0.0,0.0,0.14478552020297394,5.0,5.0,5.0,5.0,5.0,5.0,5.0,5.0,5.0,5.0,5.0,5.0,4.0,4.0,1.0,0.0,0.0,0.0,0.0,3.6315789473684212,20.0,20.0,20.0,20.0,20.0,20.0,20.0,20.0,20.0,20.0,20.0,20.0,21.0,21.0,24.0,25.0,25.0,25.0,25.0,21.36842105263158,4.0,4.0,4.0,4.0,4.0,4.0,4.0,4.0,4.0,4.0,4.0,4.0,5.0,5.0,8.0,9.0,9.0,9.0,9.0,5.368421052631579,0.04,0.7152094203355214,0.04,0.2,0.5555555555555556,0.0,1.0,0.0,-0.01695811593289573,0.29411764705882354,0.011764705882352941,0.04,3.5760471016776068,5,20,4,0,0,1,0,0.0,340,0.29411764705882354,0.2,0.5555555555555556,5,20,4,9,25,3,1
0014,0.5862391013564282,0.7916766777592954,0.4641118241344519,0.5862391013564282,0.585407063649245,0.585407063649245,0.5830003616579331,0.5830003616579331,0.5830003616579331,0.5830003616579331,0.5830003616579331,0.5780333787387502,0.5733980747252333,0.5535156911844206,0.5392092251777395,0.5335541861291837,0.5090346467221826,0.44314105861587494,0.3613721890108289,0.19985482404098281,0.07313136977698198,0.0,0.47559472005614545,0.5971563981042654,0.5933806146572104,0.5933806146572104,0.5821596244131455,0.5821596244131455,0.5821596244131455,0.5821596244131455,0.5821596244131455,0.5784543325526932,0.5710955710955711,0.5423340961098398,0.5214446952595937,0.5146067415730337,0.47161572052401746,0.39544513457556935,0.3036750483558994,0.14821124361158433,0.04173106646058733,0.0,0.46228049471593696,0.575521396153886,0.5775406572194915,0.5775406572194915,0.5838423130699099,0.5838423130699099,0.5838423130699099,0.5838423130699099,0.5838423130699099,0.577612731262064,0.575709861429801,0.5649278232459043,0.5575789554672413,0.5531992617620488,0.5494224647042517,0.49658974320664284,0.4300315738731036,0.26949339145367174,0.12815865251152278,0.0,0.4922388807820354,0.6131386861313869,0.610705596107056,0.610705596107056,0.6034063260340633,0.6034063260340633,0.6034063260340633,0.6034063260340633,0.6034063260340633,0.6009732360097324,0.5961070559610706,0.5766423357664233,0.5620437956204379,0.5571776155717761,0.5255474452554745,0.46472019464720193,0.3819951338199513,0.2116788321167883,0.06569343065693431,0.0,0.49442950441797917,0.9581749049429658,0.9543726235741445,0.9543726235741445,0.9429657794676806,0.9429657794676806,0.9429657794676806,0.9429657794676806,0.9429657794676806,0.9391634980988594,0.9315589353612167,0.9011406844106464,0.8783269961977186,0.870722433460076,0.8212927756653993,0.7262357414448669,0.596958174904943,0.33079847908745247,0.10266159695817491,0.0,0.7726635981588954,0.598511352194377,0.6003761990851566,0.6003761990851566,0.6065391076518025,0.6065391076518025,0.6065391076518025,0.6065391076518025,0.6065391076518025,0.6027233971247121,0.6005450965511072,0.5956226429810793,0.5896005741425324,0.586221796726875,0.585496562324216,0.5545950043467457,0.5084701580336057,0.34781929363999436,0.1910092688039473,0.0,0.5260033201736061,0.875667580787718,0.8786366357605427,0.8786366357605427,0.8876874646293151,0.8876874646293151,0.8876874646293151,0.8876874646293151,0.8876874646293151,0.8832853895873286,0.8802918009308985,0.8499724089664129,0.8440428385612493,0.8395148284176793,0.8203734001276431,0.7654526213621063,0.7041974106354922,0.504269557583876,0.26989848896023644,0.0,0.7596145747678055,0.7916766777592954,0.794486771784966,0.794486771784966,0.8017410020688875,0.8017410020688875,0.8017410020688875,0.8017410020688875,0.8017410020688875,0.8033416790839197,0.805954543747827,0.8154489078299515,0.8217603226371962,0.823359155029462,0.83245439053821,0.8466238657194012,0.8613640597289212,0.8894628616809357,0.9177307131043071,1.0,0.8319397753038841,0.5940323498584021,0.5938916663359493,0.5938916663359493,0.5935437179456486,0.5935437179456486,0.5935437179456486,0.5935437179456486,0.5935437179456486,0.5891772163508893,0.585819691188914,0.5707550258525625,0.5598069242952319,0.5551848751583973,0.5373523729279378,0.4803907598224544,0.4053023175463724,0.2388431417606662,0.0917560981725567,0.0,0.492838036596554,252.0,251.0,251.0,248.0,248.0,248.0,248.0,248.0,247.0,245.0,237.0,231.0,229.0,216.0,191.0,157.0,87.0,27.0,0.0,203.21052631578948,159.0,160.0,160.0,163.0,163.0,163.0,163.0,163.0,164.0,166.0,174.0,180.0,182.0,195.0,220.0,254.0,324.0,384.0,411.0,207.78947368421052,11.0,12.0,12.0,15.0,15.0,15.0,15.0,15.0,16.0,18.0,26.0,32.0,34.0,47.0,72.0,106.0,176.0,236.0,263.0,59.78947368421053,0.537712895377129,0.8063956649531485,0.5620437956204379,0.6009732360097324,0.9391634980988594,0.5,0.42857142857142855,0.07142857142857142,0.4213618716385102,0.7329376854599406,0.1509433962264151,0.559610705596107,199.1797292434277,247,164,16,10,7,6,1,7.0,106,0.599406528189911,0.49148418491484186,0.7680608365019012,202,209,61,263,411,17,14
0015,0.7190261392564388,0.8246462007535189,0.5929421739802928,0.7190261392564388,0.7190261392564388,0.7190261392564388,0.7190261392564388,0.7190261392564388,0.7190261392564388,0.7190261392564388,0.7190261392564388,0.7190261392564388,0.7190261392564388,0.7123940904682862,0.6884165443914909,0.6851984439607314,0.6621002906020876,0.6289292045225529,0.43593858157236687,0.19330419667034054,0.05204801460641701,0.0,0.5920310925978242,0.7597173144876325,0.7597173144876325,0.7597173144876325,0.7597173144876325,0.7597173144876325,0.7597173144876325,0.7597173144876325,0.7597173144876325,0.7597173144876325,0.7597173144876325,0.7504393673110721,0.7172413793103448,0.711340206185567,0.6824324324324325,0.6517412935323383,0.4604105571847507,0.19855595667870035,0.03858185610010428,0.0,0.6214692733479807,0.6805144217131516,0.6805144217131516,0.6805144217131516,0.6805144217131516,0.6805144217131516,0.6805144217131516,0.6805144217131516,0.6805144217131516,0.6805144217131516,0.6805144217131516,0.6762776078134046,0.6607501355368137,0.6600173918522048,0.6423739171551941,0.6069155786608824,0.41276735282824567,0.18819134452275085,0.07021424312612261,0.0,0.5643500941382702,0.7637655417406749,0.7637655417406749,0.7637655417406749,0.7637655417406749,0.7637655417406749,0.7637655417406749,0.7637655417406749,0.7637655417406749,0.7637655417406749,0.7637655417406749,0.7584369449378331,0.738898756660746,0.7353463587921847,0.7175843694493783,0.6980461811722913,0.5577264653641207,0.29307282415630553,0.06571936056838366,0.0,0.6422361409741049,0.9930715935334873,0.9930715935334873,0.9930715935334873,0.9930715935334873,0.9930715935334873,0.9930715935334873,0.9930715935334873,0.9930715935334873,0.9930715935334873,0.9930715935334873,0.9861431870669746,0.9607390300230947,0.9561200923787528,0.9330254041570438,0.9076212471131639,0.7251732101616628,0.3810623556581986,0.08545034642032333,0.0,0.8350553057007414,0.6842403241959149,0.6842403241959149,0.6842403241959149,0.6842403241959149,0.6842403241959149,0.6842403241959149,0.6842403241959149,0.6842403241959149,0.6842403241959149,0.6842403241959149,0.6817119120914916,0.6732886090128835,0.6727048938532413,0.661507024380067,0.6375707694367047,0.4813442384028786,0.24988297578937202,0.11598779581050238,0.0,0.5798106031966469,0.9931458291923408,0.9931458291923408,0.9931458291923408,0.9931458291923408,0.9931458291923408,0.9931458291923408,0.9931458291923408,0.9931458291923408,0.9931458291923408,0.9931458291923408,0.9866415686087817,0.9696592773515851,0.9672930928969576,0.9517537945755767,0.9295908045740642,0.7752665284223424,0.4981977999893085,0.15298047625633834,0.0,0.8506758755051771,0.8246462007535189,0.8246462007535189,0.8246462007535189,0.8246462007535189,0.8246462007535189,0.8246462007535189,0.8246462007535189,0.8246462007535189,0.8246462007535189,0.8246462007535189,0.8266574940551412,0.8331647749281106,0.8342029691213764,0.8381360572071914,0.8414326344247733,0.8567758471073842,0.8825112592338877,0.9171942854247108,1.0,0.8461335436335664,0.7209392942280836,0.7209392942280836,0.7209392942280836,0.7209392942280836,0.7209392942280836,0.7209392942280836,0.7209392942280836,0.7209392942280836,0.7209392942280836,0.7209392942280836,0.7161800910384655,0.6987327483462981,0.6966644714911429,0.6789384966935791,0.6508879335017668,0.47980337296709613,0.23484839539808416,0.06792963389450737,0.0,0.6017567413479882,430.0,430.0,430.0,430.0,430.0,430.0,430.0,430.0,430.0,430.0,427.0,416.0,414.0,404.0,393.0,314.0,165.0,37.0,0.0,361.57894736842104,133.0,133.0,133.0,133.0,133.0,133.0,133.0,133.0,133.0,133.0,136.0,147.0,149.0,159.0,170.0,249.0,398.0,526.0,563.0,201.42105263157896,3.0,3.0,3.0,3.0,3.0,3.0,3.0,3.0,3.0,3.0,6.0,17.0,19.0,29.0,40.0,119.0,268.0,396.0,433.0,71.42105263157895,0.7531083481349912,0.8246462007535189,0.7584369449378331,0.7637655417406749,0.9930715935334873,0.4444444444444444,0.3333333333333333,0.2222222222222222,0.619179158657217,0.8634538152610441,0.007978723404255319,0.7575894826736774,354.5978663240131,430,133,3,3,4,3,2,4.0,376,0.7550200803212851,0.6678507992895204,0.8683602771362586,376,187,57,433,563,11,9
0016,0.4287636546842144,0.7752978805939116,0.3324195527523712,0.4287636546842144,0.4287636546842144,0.42801912342231885,0.4269222766976109,0.4269222766976109,0.4252806231166587,0.4252806231166587,0.4197607523004258,0.4030899162819126,0.374163298309902,0.373085983333615,0.371118404204167,0.34515320543299705,0.3358278296617313,0.32124684611735627,0.2446610285672379,0.14681094823965388,0.009412406354817897,0.0,0.33338330795911064,0.6077844311377245,0.6077844311377245,0.6029850746268657,0.595049504950495,0.595049504950495,0.5934718100890207,0.5934718100890207,0.587192118226601,0.5686465433300877,0.5357483317445186,0.532825880114177,0.5255681818181818,0.4958217270194986,0.47527472527472525,0.4332740213523132,0.2735177865612648,0.10950413223140495,0.008135168961201502,0.0,0.4600581675587011,0.30247282121727515,0.30247282121727515,0.303822395817304,0.30629826396685217,0.30629826396685217,0.3047551801514616,0.3047551801514616,0.30007059649227635,0.28573369963112943,0.26131331729261537,0.2612357172481624,0.2620570930732146,0.24026929182146906,0.23729503206827982,0.23818537704671777,0.2188487251675352,0.19682777338008955,0.01089017251033613,0.0,0.2444000906431741,0.7284688995215312,0.7284688995215312,0.7248803827751196,0.7188995215311005,0.7188995215311005,0.7177033492822966,0.7177033492822966,0.7129186602870813,0.6985645933014354,0.6722488038277512,0.6698564593301436,0.6638755980861244,0.638755980861244,0.6208133971291866,0.5825358851674641,0.4138755980861244,0.1901913875598086,0.01555023923444976,0.0,0.5754847645429363,0.7858064516129032,0.7858064516129032,0.7819354838709678,0.775483870967742,0.775483870967742,0.7741935483870968,0.7741935483870968,0.7690322580645161,0.7535483870967742,0.7251612903225807,0.7225806451612903,0.7161290322580646,0.6890322580645162,0.6696774193548387,0.6283870967741936,0.4464516129032258,0.20516129032258065,0.016774193548387096,0.0,0.6207809847198643,0.30396524225925314,0.30396524225925314,0.3053042146319896,0.3077884546489503,0.3077884546489503,0.3066507177033493,0.3066507177033493,0.3033139590893035,0.2923248345021957,0.2704285787260127,0.2704374572795626,0.27133066080434504,0.2544486855545401,0.2525744208129362,0.2547281962606722,0.23486461819288107,0.22223225301676147,0.012881854987118144,0.0,0.25166729279375916,0.9377670402008293,0.9377670402008293,0.9412915975700764,0.9455801595164756,0.9455801595164756,0.9438388187566953,0.9438388187566953,0.9398693673299636,0.9258486913555221,0.9009693212787232,0.8975204021880518,0.8962589798105869,0.861592328345403,0.843753339570693,0.8221973453208051,0.7384701352485736,0.5672405546661037,0.1020000114827701,0.0,0.7942833742692249,0.7752978805939116,0.7752978805939116,0.7785060502879261,0.7835881688003135,0.7835881688003135,0.784431165892967,0.784431165892967,0.7870660629944752,0.7942628744343423,0.8073742149093248,0.8084433237558027,0.8105462052491185,0.8178882414302664,0.8220390131058253,0.8284486692661758,0.8468289303802335,0.8728807861546981,0.9238673164592204,1.0,0.8202519010000945,0.46940605365431887,0.46940605365431887,0.46929190763926587,0.46925225136548543,0.46925225136548543,0.4676791779690792,0.4676791779690792,0.46252127263815557,0.4467700142974397,0.41912714654889904,0.4183185778882222,0.41710107815335545,0.3917568725220515,0.38381758034278224,0.37249366363987446,0.3009587131470021,0.1934811291301216,0.0130132543139737,0.0,0.3737540092757321,609.0,609.0,606.0,601.0,601.0,600.0,600.0,596.0,584.0,562.0,560.0,555.0,534.0,519.0,487.0,346.0,159.0,13.0,0.0,481.10526315789474,227.0,227.0,230.0,235.0,235.0,236.0,236.0,240.0,252.0,274.0,276.0,281.0,302.0,317.0,349.0,490.0,677.0,823.0,836.0,354.89473684210526,166.0,166.0,169.0,174.0,174.0,175.0,175.0,179.0,191.0,213.0,215.0,220.0,241.0,256.0,288.0,429.0,616.0,762.0,775.0,293.89473684210526,0.47248803827751196,0.8009789696357419,0.5011961722488039,0.7141148325358851,0.7703225806451612,0.0,1.0,0.0,0.3303641685078205,0.7411545623836127,0.8516746411483254,0.4995452018639813,478.18444487253794,597,239,178,24,0,4,0,27.0,209,0.38733705772811916,0.37320574162679426,0.40258064516129033,312,524,463,775,836,28,4
0017,0,1.0,0,0.0,0.0,0.0,0.0,0.0,0.0,0.0,0.0,0.0,0.0,0.0,0.0,0.0,0.0,0.0,0.0,0.0,0.0,0.0,0.0,0.0,0.0,0.0,0.0,0.0,0.0,0.0,0.0,0.0,0.0,0.0,0.0,0.0,0.0,0.0,0.0,0.0,0.0,0.0,0.0,0.0,0.0,0.0,0.0,0.0,0.0,0.0,0.0,0.0,0.0,0.0,0.0,0.0,0.0,0.0,0.0,0.0,0.0,0.0,0.0,0.0,0.0,0.0,0.0,0.0,0.0,0.0,0.0,0.0,0.0,0.0,0.0,0.0,0.0,0.0,0.0,0.0,0.0,0.0,0.0,0.0,0.0,0.0,0.0,0.0,0.0,0.0,0.0,0.0,0.0,0.0,0.0,0.0,0.0,0.0,0.0,0.0,0.0,0.0,0.0,0.0,0.0,0.0,0.0,0.0,0.0,0.0,0.0,0.0,0.0,0.0,0.0,0.0,0.0,0.0,0.0,0.0,0.0,0.0,0.0,0.0,0.0,0.0,0.0,0.0,0.0,0.0,0.0,0.0,0.0,0.0,0.0,0.0,0.0,0.0,0.0,0.0,0.0,0.0,0.0,1.0,1.0,1.0,1.0,1.0,1.0,1.0,1.0,1.0,1.0,1.0,1.0,1.0,1.0,1.0,1.0,1.0,1.0,1.0,1.0,0.0,0.0,0.0,0.0,0.0,0.0,0.0,0.0,0.0,0.0,0.0,0.0,0.0,0.0,0.0,0.0,0.0,0.0,0.0,0.0,0.0,0.0,0.0,0.0,0.0,0.0,0.0,0.0,0.0,0.0,0.0,0.0,0.0,0.0,0.0,0.0,0.0,0.0,0.0,0.0,0.0,0.0,0.0,0.0,0.0,0.0,0.0,0.0,0.0,0.0,0.0,0.0,0.0,0.0,0.0,0.0,0.0,0.0,0.0,0.0,1.0,1.0,1.0,1.0,1.0,1.0,1.0,1.0,1.0,1.0,1.0,1.0,1.0,1.0,1.0,1.0,1.0,1.0,1.0,1.0,0,0,0,0,0,0,0,1.0,0,0,0,0,0,0,0,1,0,0,0,0,0,0,0,0,0,0,0,1,1,0,1,0
0018,0.8788879500270065,0.8715400997998354,0.76598609167941,0.8788879500270065,0.8788879500270065,0.8788879500270065,0.8772900192827351,0.8710132158230547,0.8694722709183331,0.8694722709183331,0.8687296061670824,0.8672015520653747,0.8662053324483593,0.8615822646990746,0.8514404607293038,0.8294625476707952,0.8085920648691912,0.7725076221725374,0.6937593757239757,0.5946363543111558,0.4055841032650094,0.07519693315169139,0.7694110444366856,0.8988580750407831,0.8988580750407831,0.8988580750407831,0.8973105134474327,0.8911454102355808,0.8896103896103896,0.8896103896103896,0.8865478119935171,0.8850202429149797,0.883495145631068,0.8774193548387097,0.8653846153846154,0.83451536643026,0.8060512024825446,0.7569811320754717,0.6557610241820768,0.5245579567779961,0.318233295583239,0.05770104497955475,0.7692589011210618,0.8593615056165864,0.8593615056165864,0.8593615056165864,0.85771621573471,0.8513358352346346,0.8497900190070513,0.8497900190070513,0.8512695180355742,0.8497416165619164,0.8492538772536613,0.8460310280942491,0.8377209916595626,0.8244403226888004,0.8111409366498415,0.7883525771355283,0.7339595579124927,0.674076885689316,0.5169115460398285,0.09799785701322279,0.7719796484509052,0.9018003273322422,0.9018003273322422,0.9018003273322422,0.9009819967266776,0.897708674304419,0.8968903436988543,0.8968903436988543,0.8952536824877251,0.8944353518821604,0.8936170212765957,0.8903436988543372,0.88379705400982,0.8666121112929623,0.8502454991816694,0.820785597381342,0.7545008183306056,0.6554828150572831,0.45990180032733224,0.1039279869067103,0.8035145146007409,0.9963833634719711,0.9963833634719711,0.9963833634719711,0.9954792043399638,0.9918625678119349,0.9909584086799277,0.9909584086799277,0.9891500904159132,0.9882459312839059,0.9873417721518988,0.9837251356238698,0.976491862567812,0.9575045207956601,0.9394213381555153,0.906871609403255,0.833634719710669,0.7242314647377939,0.5081374321880651,0.11482820976491863,0.8877890929856287,0.8800797290364789,0.8800797290364789,0.8800797290364789,0.8790797464052127,0.8751306435220186,0.8741561442750662,0.8741561442750662,0.8756796174336483,0.8747098768634998,0.8744874069166498,0.8729712971963022,0.8682028543277939,0.8616637731831202,0.8532372217325103,0.8404516129715064,0.80801200300725,0.7700923858238078,0.6557282062486487,0.17962714791338474,0.8146118562739432,0.9621596561771187,0.9621596561771187,0.9621596561771187,0.9613550268574773,0.958186262351654,0.9574065775106824,0.9574065775106824,0.9573287101935172,0.956552566552114,0.9556886037009711,0.953730337099504,0.9472065164618431,0.9340013883403522,0.921043619105505,0.8994033064246191,0.8535484972620342,0.7951550357196617,0.6549981071790553,0.1747298573691615,0.880222103061589,0.8715400997998354,0.8715400997998354,0.8715400997998354,0.8721561493651179,0.8745753573752969,0.8751177010411234,0.8751177010411234,0.8760575604660437,0.8764741853351513,0.8768456670589605,0.878170235629045,0.8804528484315356,0.8854056504507801,0.8894413740123979,0.895427693830987,0.9058059617523652,0.9177657602375681,0.9343870474758891,0.9601084647702314,0.8888384030354275,0.8803252166453975,0.8803252166453975,0.8803252166453975,0.8790829703034343,0.8742148271656854,0.8730226012074889,0.8730226012074889,0.8729846337770778,0.8718021230866977,0.8711530979678694,0.8679046001139592,0.8604506636123342,0.8452632540696374,0.8304630820142045,0.8044056445421707,0.7441593156485681,0.6647148370517084,0.4875741488570757,0.10091937376220626,0.7874796539117789,1102.0,1102.0,1102.0,1101.0,1097.0,1096.0,1096.0,1094.0,1093.0,1092.0,1088.0,1080.0,1059.0,1039.0,1003.0,922.0,801.0,562.0,127.0,981.8947368421053,120.0,120.0,120.0,121.0,125.0,126.0,126.0,128.0,129.0,130.0,134.0,142.0,163.0,183.0,219.0,300.0,421.0,660.0,1095.0,240.10526315789474,4.0,4.0,4.0,5.0,9.0,10.0,10.0,12.0,13.0,14.0,18.0,26.0,47.0,67.0,103.0,184.0,305.0,544.0,979.0,124.10526315789474,0.8911620294599017,0.8759403542791749,0.8968903436988543,0.9009819967266776,0.9954792043399638,0.4444444444444444,0.5555555555555556,0.0,0.7793865221451486,0.9458762886597938,0.014749262536873156,0.8961987741080079,964.4103300613716,1101,121,5,7,8,10,0,15.0,339,0.9123711340206185,0.8690671031096563,0.9602169981916817,1062,160,44,1106,1222,24,18
0019,0.5734215505032056,0.8589083794382547,0.4925165746776797,0.5734215505032056,0.5734215505032056,0.5734215505032056,0.5734215505032056,0.5734215505032056,0.5734215505032056,0.5734215505032056,0.5734215505032056,0.5734215505032056,0.5734215505032056,0.571118049560103,0.5704063510855255,0.5698903409902992,0.5649157142437411,0.5267590581533156,0.45664878253802976,0.30309236811159246,0.15973433235713502,0.012338111188481304,0.4983746638558042,0.7120481927710843,0.7120481927710843,0.7120481927710843,0.7120481927710843,0.7120481927710843,0.7120481927710843,0.7120481927710843,0.7120481927710843,0.7120481927710843,0.7120481927710843,0.7099879663056559,0.7058823529411765,0.7038369304556354,0.6896551724137931,0.6446759259259259,0.549618320610687,0.34056603773584904,0.13862179487179488,0.011387900355871887,0.6113007541751175,0.4617837358758805,0.4617837358758805,0.4617837358758805,0.4617837358758805,0.4617837358758805,0.4617837358758805,0.4617837358758805,0.4617837358758805,0.4617837358758805,0.4617837358758805,0.45941035906644484,0.4609314909248304,0.4614350095892147,0.46273815808929836,0.4304102172700805,0.3794053123297762,0.269742057130035,0.18406237602952275,0.013367607982347198,0.4073336814300187,0.7216117216117216,0.7216117216117216,0.7216117216117216,0.7216117216117216,0.7216117216117216,0.7216117216117216,0.7216117216117216,0.7216117216117216,0.7216117216117216,0.7216117216117216,0.7203907203907204,0.717948717948718,0.7167277167277167,0.7081807081807082,0.6800976800976801,0.6153846153846154,0.44078144078144077,0.21123321123321123,0.019536019536019536,0.6340209498104233,0.9817275747508306,0.9817275747508306,0.9817275747508306,0.9817275747508306,0.9817275747508306,0.9817275747508306,0.9817275747508306,0.9817275747508306,0.9817275747508306,0.9817275747508306,0.9800664451827242,0.9767441860465116,0.9750830564784053,0.9634551495016611,0.925249169435216,0.8372093023255814,0.5996677740863787,0.287375415282392,0.026578073089700997,0.8625633852072041,0.4617837358758805,0.4617837358758805,0.4617837358758805,0.4617837358758805,0.4617837358758805,0.4617837358758805,0.4617837358758805,0.4617837358758805,0.4617837358758805,0.4617837358758805,0.46021304863391915,0.4617369685703002,0.4622519884658969,0.46439219418100336,0.44514364968412135,0.40424868831398714,0.29975860936009807,0.2310124062871519,0.017604490696426184,0.4139052317343005,1.0,1.0,1.0,1.0,1.0,1.0,1.0,1.0,1.0,1.0,0.9983225580988991,0.9966161722420928,0.9950070405583685,0.9906742362782297,0.9576848573959524,0.9042943145631231,0.7519186908942498,0.4895807264120918,0.08406147554895714,0.9035873722101035,0.8589083794382547,0.8589083794382547,0.8589083794382547,0.8589083794382547,0.8589083794382547,0.8589083794382547,0.8589083794382547,0.8589083794382547,0.8589083794382547,0.8589083794382547,0.8594345395910234,0.8603710681043689,0.8607461679773918,0.8629707447185955,0.8683119550955515,0.8784225694233947,0.8980673916147706,0.9228425252346564,0.9586838486848764,0.8715228739382724,0.577259522795152,0.577259522795152,0.577259522795152,0.577259522795152,0.577259522795152,0.577259522795152,0.577259522795152,0.577259522795152,0.577259522795152,0.577259522795152,0.5752868497739504,0.5752609607575271,0.5750854378621579,0.5724528246920577,0.5410369583085061,0.4831978810000508,0.34481486711150744,0.19718034069331286,0.016160131518430956,0.5080563936667906,591.0,591.0,591.0,591.0,591.0,591.0,591.0,591.0,591.0,591.0,590.0,588.0,587.0,580.0,557.0,504.0,361.0,173.0,16.0,519.2631578947369,228.0,228.0,228.0,228.0,228.0,228.0,228.0,228.0,228.0,228.0,229.0,231.0,232.0,239.0,262.0,315.0,458.0,646.0,803.0,299.7368421052632,11.0,11.0,11.0,11.0,11.0,11.0,11.0,11.0,11.0,11.0,12.0,14.0,15.0,22.0,45.0,98.0,241.0,429.0,586.0,82.73684210526316,0.6752136752136753,0.8589083794382547,0.7081807081807082,0.7216117216117216,0.9817275747508306,0.5,0.5,0.0,0.5734003079951264,0.8318085855031668,0.010387157695939566,0.7064330112769732,507.61485224800856,591,228,11,27,3,3,0,10.0,1059,0.5376495425756509,0.46642246642246643,0.6345514950166113,382,437,220,602,819,25,6
0020,0.710169224890716,0.8397014953065739,0.5963301600614448,0.710169224890716,0.7100171041146711,0.7097784580930062,0.7094053420105696,0.7094053420105696,0.7085017913956559,0.7076537870659375,0.7069956860888974,0.7060776930995131,0.7047933502526882,0.6993298161767558,0.6942370955371,0.680153793001386,0.6346434211757839,0.5700668773635341,0.48493226624271396,0.3692683009488982,0.21643471371055145,0.03934701268045052,0.6037479513610209,0.7167201283079391,0.7160320641282565,0.7150010014019628,0.7136281769061437,0.7136281769061437,0.7126,0.7115730561663002,0.7105473431881741,0.7084996009577015,0.706796890572055,0.6889546351084813,0.6803375196232339,0.6617504366388511,0.6177970904968827,0.5473436935308998,0.43988565663359674,0.30892693365943136,0.1523348136186247,0.021837708830548926,0.5917997329829067,0.7036781974751382,0.7040526722069872,0.7045940615258871,0.7052074953863845,0.7052074953863845,0.7044271518535693,0.7037561048850739,0.7034617818786741,0.7036640641982438,0.7027954893213674,0.709861240307656,0.708420645515328,0.6990689488379441,0.6519491241335585,0.5937334229076385,0.5345918860890948,0.44139588759849485,0.30750676215250344,0.07089513917823485,0.6188561879388507,0.7306356018802371,0.730226854690374,0.7296137339055794,0.7287962395258533,0.7287962395258533,0.7281831187410587,0.7275699979562641,0.7269568771714694,0.7257306356018802,0.7247087676272226,0.7138769670958512,0.7085632536276313,0.6969139587165338,0.668301655426119,0.6190476190476191,0.5346413243408952,0.41303903535663195,0.23135090946249745,0.03740036787247088,0.6265449030301075,0.9741144414168937,0.9735694822888283,0.9727520435967303,0.9716621253405995,0.9716621253405995,0.9708446866485013,0.9700272479564033,0.9692098092643052,0.967574931880109,0.9662125340599454,0.9517711171662125,0.9446866485013624,0.9291553133514986,0.8910081743869209,0.8253405994550409,0.7128065395095368,0.5506811989100817,0.3084468664850136,0.04986376021798365,0.8353362971461351,0.7142175717649235,0.7145800407854096,0.7151055836257998,0.7157257059032308,0.7157257059032308,0.7151915668777751,0.7147486883604749,0.7146555121475522,0.7148808794949334,0.7143513077669206,0.7219212273061493,0.7220921849469222,0.7178329771450043,0.688485690848251,0.6484288182747723,0.6040070383797449,0.5301107016334023,0.40057733982151317,0.11289407528641403,0.6471332955932855,0.9713445703490788,0.9717268166585596,0.9723099671114006,0.9726364505293609,0.9726364505293609,0.9723664907568397,0.9721807650950387,0.9719271331341617,0.9714140704822166,0.9706649833471567,0.9678128337616161,0.9643288530973625,0.9548374364773541,0.9204816826233613,0.8710524023126709,0.7967718632372803,0.6817142770605954,0.4985759669106518,0.16345048034995852,0.8704333417802119,0.8397014953065739,0.8401333260422937,0.8407356316385103,0.8414952659330092,0.8414952659330092,0.8419569206690043,0.8424021722197721,0.8427842733179207,0.8434811056145816,0.844011658543931,0.8488848753305297,0.8509157999506977,0.8546809528850112,0.8621937519475844,0.8728781856005552,0.888023626113684,0.9061596514450806,0.9293284274251363,0.961381479029707,0.8627707297340311,0.717030224845681,0.7170203402708051,0.716994772726831,0.7169048547213518,0.7169048547213518,0.7162066464105269,0.7155639928007428,0.7151128443567478,0.714612180529267,0.7136680271387104,0.7118662720551724,0.7084919459833877,0.6979906221078173,0.6600747525182776,0.6062584117354305,0.5346166046435246,0.42698212096534754,0.26672451910135586,0.051492759545745906,0.6223429866935828,3575.0,3573.0,3570.0,3566.0,3566.0,3563.0,3560.0,3557.0,3551.0,3546.0,3493.0,3467.0,3410.0,3270.0,3029.0,2616.0,2021.0,1132.0,183.0,3065.684210526316,1318.0,1320.0,1323.0,1327.0,1327.0,1330.0,1333.0,1336.0,1342.0,1347.0,1400.0,1426.0,1483.0,1623.0,1864.0,2277.0,2872.0,3761.0,4710.0,1827.3157894736842,95.0,97.0,100.0,104.0,104.0,107.0,110.0,113.0,119.0,124.0,177.0,203.0,260.0,400.0,641.0,1054.0,1649.0,2538.0,3487.0,604.3157894736842,0.6905783772736562,0.8435022451316428,0.7042714081340691,0.727161250766401,0.9694822888283379,0.34285714285714286,0.5142857142857142,0.14285714285714285,0.576779274101448,0.8310171668807661,0.13381123058542413,0.7038982066620272,3001.180988178385,3558,1335,112,67,36,54,15,71.0,837,0.7322200163494103,0.6407112201103617,0.8542234332425068,3135,1758,535,3670,4893,164,105
COMBINED,0.6979951794641704,0.8257714706833613,0.5763845058760247,0.6979951794641704,0.6977972990590675,0.697547605290607,0.6970112319324012,0.696292938580142,0.6954756703798344,0.6948515185123508,0.6935520177065468,0.6912618814803525,0.6886372516801121,0.684345707253149,0.6759693339344608,0.6546939064312591,0.6158372193236414,0.548180300379244,0.451022930272628,0.32828067947763295,0.18222122023509618,0.03290676469889604,0.585467402952189,0.7186676931804368,0.7179715662845801,0.7169979354734243,0.7154007926878589,0.7143607776565216,0.7129068734351022,0.7116626311541566,0.709455102369821,0.7054684358665059,0.7004089159717768,0.691457967777955,0.679336421586095,0.6510315297781237,0.6048658670399939,0.5271476920861237,0.4070793524416136,0.2581200130513452,0.1092658942908701,0.014785750173457426,0.5824416427529349,0.6779173116842728,0.6781899081239248,0.6786249130904163,0.6790943795499773,0.6786820770130271,0.6784706756433192,0.6784375231222929,0.678005415223699,0.6773414152836429,0.6770634319290234,0.6773066026570184,0.6726189350380494,0.6583768857774069,0.6270075753492607,0.5700520864175258,0.4997101484307883,0.41751200631180485,0.3038878079886076,0.0732364033102895,0.5937650264181236,0.7368508516825925,0.7364353967594516,0.7358537598670545,0.7348982135438304,0.7342750311591192,0.7334025758205235,0.73265475695887,0.7313253012048193,0.7289156626506024,0.7258412962193602,0.7203572912339011,0.7128375571250519,0.6948483589530536,0.6641462401329455,0.6082675529705027,0.5098047361861238,0.3615288741171583,0.17357706688824262,0.025675114250103864,0.6211313493538583,0.9668029435813573,0.9662578359225947,0.9654946852003271,0.964240937585173,0.9634232760970292,0.9622785500136277,0.961297356227855,0.9595530117198147,0.9563913872989915,0.9523575906241483,0.9451621695284819,0.9352957209048787,0.9116925592804579,0.8714091032979013,0.7980921231943309,0.6689016080675934,0.4743526846552194,0.22774597983101663,0.03368765331152903,0.8149703777022278,0.6952866896607159,0.6955638200136334,0.6960083733734614,0.6965419014090845,0.6963509225174521,0.6963001430261891,0.6963467978822958,0.6962268804347169,0.6959190535447062,0.6958441437238717,0.6968696754166963,0.6942429988021144,0.6851622984803589,0.6644940878155031,0.6242187928849227,0.5689932949541857,0.49939398335904794,0.40090396164666126,0.12540855715421662,0.6273724408473597,0.953668107853953,0.9538063317370815,0.9541099566984873,0.9543617168058037,0.9541341790421823,0.9538792997148169,0.9537883022308531,0.9532132108479515,0.951800718879327,0.9504189233531067,0.9475246678421992,0.9419659477857669,0.9277753087819872,0.9007079742400834,0.8477043156072834,0.763839548753833,0.6427866437629918,0.47223645025408145,0.1500293742873856,0.8488289988673251,0.8257714706833613,0.8261961397232507,0.826745956265364,0.8275930596582576,0.8281049596049266,0.8287549896069911,0.8292676147422972,0.8300961457006214,0.8314295724412212,0.8329540485761422,0.8353033560830432,0.8380315184612305,0.8434837356011985,0.8511767166717734,0.8625626644261245,0.8790892179353259,0.9007448556768994,0.9281558842997782,0.9608497870686376,0.8519111417487604,0.7067700817698284,0.7067128512115076,0.7066602393208747,0.7064455013367515,0.7059315145578048,0.7054021130784208,0.7050251616892416,0.7041608584030855,0.7026555105897722,0.701028244120086,0.6985003576411726,0.6924363064777707,0.6763668373412857,0.6453097889410062,0.588849885514906,0.5047322066108788,0.38851337888456644,0.22966922818209662,0.04336303751189909,0.6062385843780502,17736.0,17726.0,17712.0,17689.0,17674.0,17653.0,17635.0,17603.0,17545.0,17471.0,17339.0,17158.0,16725.0,15986.0,14641.0,12271.0,8702.0,4178.0,618.0,14950.631578947368,6334.0,6344.0,6358.0,6381.0,6396.0,6417.0,6435.0,6467.0,6525.0,6599.0,6731.0,6912.0,7345.0,8084.0,9429.0,11799.0,15368.0,19892.0,23452.0,9119.368421052632,609.0,619.0,633.0,656.0,671.0,692.0,710.0,742.0,800.0,874.0,1006.0,1187.0,1620.0,2359.0,3704.0,6074.0,9643.0,14167.0,17727.0,3394.3684210526317,0.6858329871208974,0.8320821620078055,0.700997091815538,0.7315745741587037,0.9598800763150722,0.44148936170212766,0.4574468085106383,0.10106382978723404,0.5629885662981076,0.8303194624543204,0.09360295052778837,0.7008906400970314,14652.134790795448,17609,6461,736,365,249,258,57,372.0,7863,0.721725804550277,0.6358953053593686,0.8343417825020442,15306,8764,3039,18345,24070,823,564
